text,rand
"""孤鸿海上来，池潢不敢顾。""",0.565111433
"""侧见双翠鸟，巢在三珠树。""",0.5797353
"""矫矫珍木巅，得无金丸惧。""",0.139300163
"""美服患人指，高明逼神恶。""",0.009528386
"""今我游冥冥，弋者何所慕。""",0.833710181
"""兰叶春葳蕤，桂华秋皎洁。""",0.496880668
"""欣欣此生意，自尔为佳节。""",0.777257305
"""谁知林栖者，闻风坐相悦。""",0.823075579
"""草木有本心，何求美人折？""",0.103395303
"""幽人归独卧，滞虑洗孤清。""",0.838469288
"""持此谢高鸟，因之传远情。""",0.00202349
"""日夕怀空意，人谁感至精？""",0.066572143
"""飞沈理自隔，何所慰吾诚？""",0.420234648
"""江南有丹橘，经冬犹绿林。""",0.108931023
"""岂伊地气暖，自有岁寒心。""",0.921062697
"""可以荐嘉客，奈何阻重深！""",0.790707186
"""运命惟所遇，循环不可寻。""",0.315415593
"""徒言树桃李，此木岂无阴？""",0.812926606
"""暮从碧山下，山月随人归，""",0.452451255
"""却顾所来径，苍苍横翠微。""",0.317737144
"""相携及田家，童稚开荆扉。""",0.417582282
"""绿竹入幽径，青萝拂行衣。""",0.472129016
"""欢言得所憩，美酒聊共挥。""",0.843856537
"""长歌吟松风，曲尽河星稀。""",0.059126252
"""我醉君复乐，陶然共忘机。""",0.939912636
"""花间一壶酒，独酌无相亲。""",0.794373249
"""举杯邀明月，对影成三人。""",0.061393961
"""月既不解饮，影徒随我身。""",0.10775688
"""暂伴月将影，行乐须及春。""",0.255641934
"""我歌月徘徊，我舞影零乱。""",0.694443091
"""醒时同交欢，醉后各分散。""",0.933575084
"""永结无情游，相期邈云汉。""",0.954714094
"""燕草如碧丝，秦桑低绿枝。""",0.300341225
"""当君怀归日，是妾断肠时。""",0.987688894
"""春风不相识，何事入罗帏？""",0.619091516
"""岱宗夫如何，齐鲁青未了。""",0.445889582
"""造化钟神秀，阴阳割昏晓。""",0.845297255
"""汤胸生层云，决眦入归鸟，""",0.673162645
"""会当凌绝顶，一览众山小。""",0.147405443
"""人生不相见，动如参与商。""",0.920810519
"""今夕复何夕，共此灯烛光。""",0.172393396
"""少壮能几时，鬓发各已苍。""",0.218895699
"""访旧半为鬼，惊呼热中肠。""",0.1152894
"""焉知二十载，重上君子堂。""",0.533263698
"""昔别君未婚，儿女忽成行。""",0.214658437
"""怡然敬父执，问我来何方。""",0.556846201
"""问答乃未已，驱儿罗酒浆。""",0.924977459
"""夜雨剪春韭，新炊间黄粱。""",0.296822739
"""主称会面难，一举累十觞。""",0.371972691
"""十觞亦不醉，感子故意长。""",0.929820966
"""明日隔山岳，世事两茫茫。""",0.393181209
"""绝代有佳人，幽居在空谷。""",0.656287026
"""自云良家子，零落依草木。""",0.816162152
"""关中昔丧乱，兄弟遭杀戮。""",0.724355508
"""官高何足论，不得收骨肉。""",0.330288004
"""世情恶衰歇，万事随转烛。""",0.244807913
"""夫婿轻薄儿，新人美如玉。""",0.131150201
"""合昏尚知时，鸳鸯不独宿。""",0.480087381
"""但见新人笑，那闻旧人哭！""",0.085995793
"""在山泉水清，出山泉水浊。""",0.083126742
"""侍婢卖珠回，牵萝补茅屋。""",0.155016787
"""摘花不插发，采柏动盈掬。""",0.902836112
"""天寒翠袖薄，日暮倚修竹。""",0.699267224
"""死别已吞声，生别常恻恻。""",0.723830233
"""江南瘴疠地，逐客无消息。""",0.866784846
"""故人入我梦，明我长相忆。""",0.497066851
"""君今在罗网，何以有羽翼？""",0.660259595
"""恐非平生魂，路远不可测。""",0.618892656
"""魂来枫林青，魂返关塞黑。""",0.566793298
"""落月满屋梁，犹疑照颜色。""",0.480304632
"""水深波浪阔，无使蛟龙得。""",0.818274439
"""浮云终日行，游子久不至。""",0.992657659
"""三夜频梦君，情亲见君意。""",0.78466092
"""告归常局促，苦道来不易。""",0.283034546
"""江湖多风波，舟楫恐失坠。""",0.029411819
"""出门搔白首，若负平生志。""",0.529091916
"""冠盖满京华，斯人独憔悴。""",0.788037777
"""孰云网恢恢，将老身反累。""",0.719553305
"""千秋万岁名，寂寞身后事。""",0.368296195
"""下马饮君酒，问君何所之。""",0.500472564
"""君言不得意，归卧南山陲。""",0.616489067
"""但去莫复闻，白云无尽时。""",0.044571782
"""圣代无隐者，英灵尽来归。""",0.168418892
"""遂令东山客，不得顾采薇。""",0.759286687
"""既至金门远，孰云吾道非？""",0.979356551
"""江淮度寒食，京洛缝春衣。""",0.707857086
"""置酒长安道，同心与我违。""",0.368444174
"""行当浮桂棹，未几拂荆扉。""",0.013756759
"""远树带行客，孤城当落晖。""",0.843502477
"""吾谋适不用，勿谓知音稀。""",0.452930775
"""言入黄花川，每逐青溪水。""",0.664125128
"""随山将万转，趣途无百里。""",0.365534328
"""声喧乱石中，色静深松里。""",0.241043161
"""漾漾泛菱荇，澄澄映葭苇。""",0.598538977
"""我心素已闲，清川澹如此。""",0.62431316
"""请留盘石上，垂钓将已矣。""",0.115504548
"""斜光照墟落，穷巷牛羊归。""",0.746671511
"""野老念牧童，倚杖候荆扉。""",0.883243065
"""雉［句隹］麦苗秀，蚕眠桑叶稀。""",0.360500052
"""田夫荷锄立，相见语依依。""",0.251116482
"""即此羡闲逸，怅然吟式微。""",0.154537216
"""艳色天下重，西施宁久微。""",0.113431573
"""朝为越溪女，暮作吴宫妃。""",0.300737817
"""贱日岂殊众，贵来方悟稀。""",0.262063179
"""邀人傅脂粉，不自著罗衣。""",0.893502509
"""君宠益娇态，君怜无是非。""",0.126420767
"""当时浣纱伴，莫得同车归。""",0.469204069
"""持谢邻家子，效颦安可希！""",0.499682027
"""北山白云里，隐者自怡悦。""",0.389054948
"""相望始登高，心随雁飞灭。""",0.510962917
"""愁因薄暮起，兴是清秋发。""",0.150520258
"""时见归村人，沙行渡头歇。""",0.602212021
"""天边树若荠，江畔洲如月。""",0.590430517
"""何当载酒来，共醉重阳节。""",0.629067189
"""山光忽西落，池月渐东上。""",0.423953758
"""散发乘夜凉，开轩卧闲敞。""",0.914714089
"""荷风送香气，竹露滴清响。""",0.906968867
"""欲取鸣琴弹，恨无知音赏。""",0.826962117
"""感此怀故人，中宵劳梦想。""",0.694835457
"""夕阳度西岭，群壑倏已暝。""",0.134279191
"""松月生夜凉，风泉满清听。""",0.808644938
"""樵人归欲尽，烟鸟栖初定。""",0.675324824
"""之子期宿来，孤琴候萝径。""",0.851381751
"""高卧南斋时，开帷月初吐。""",0.758531735
"""清辉淡水木，演漾在窗户。""",0.858149546
"""苒苒几盈虚，澄澄变今古。""",0.185539999
"""美人清江畔，是夜越吟苦。""",0.555180888
"""千里其如何，微风吹兰杜。""",0.796677701
"""绝顶一茅茨，直上三十里。""",0.199659666
"""扣关无僮仆，窥室惟案几。""",0.465752238
"""若非巾柴车，应是钓秋水。""",0.283156916
"""差池不相见，黾勉空仰止。""",0.182953357
"""草色新雨中，松声晚窗里。""",0.626919446
"""及兹契幽绝，自足荡心耳。""",0.232713154
"""虽无宾主意，颇得清净理。""",0.176467681
"""兴尽方下山，何必待之子。""",0.006100181
"""幽意无断绝，此去随所偶。""",0.818208918
"""晚风吹行舟，花路入溪口。""",0.171470585
"""际夜转西壑，隔山望南斗。""",0.979380626
"""潭烟飞溶溶，林月低向后。""",0.326572819
"""生事且弥漫，愿为持竿叟。""",0.57764141
"""清溪深不测，隐处唯孤云。""",0.035939552
"""松际露微月，清光犹为君。""",0.222542814
"""茅亭宿花影，药院滋苔纹。""",0.690960644
"""余亦谢时去，西山鸾鹤群。""",0.021524302
"""塔势如涌出，孤高耸天宫。""",0.754954973
"""登临出世界，磴道盘虚空。""",0.681672628
"""突兀压神州，峥嵘如鬼工。""",0.830344795
"""四角碍白日，七层摩苍穹。""",0.619805121
"""下窥指高鸟，俯听闻惊风。""",0.482827392
"""连山若波涛，奔凑如朝东。""",0.508603231
"""青槐夹驰道，宫馆何玲珑！""",0.575521871
"""秋色从西来，苍然满关中。""",0.52726882
"""五陵北原上，万古青蒙蒙。""",0.901752419
"""净理了可悟，胜因夙所宗。""",0.05921097
"""誓将挂冠去，觉道资无穷。""",0.26157581
"""癸卯岁，西原贼入道州，焚烧杀掠，几尽而去。明年，贼又攻永州，破邵，不犯此""",0.670286328
"""州边鄙而退，岂力能制敌欤？盖蒙其伤怜而已！诸史何为忍苦征敛！故作诗一篇以""",0.72178828
"""示官吏。""",0.238388762
"""昔岁逢太平，山林二十年。""",0.140559987
"""泉源在庭户，洞壑当门前。""",0.104424919
"""井税有常期，日晏犹得眠。""",0.371531832
"""忽然遭时变，数岁亲戎旃。""",0.21073585
"""今来典斯郡，山夷又纷然。""",0.518525603
"""城小贼不屠，人贫伤可怜。""",0.681133821
"""是以陷邻境，此州独见全。""",0.809503578
"""使臣将王命，岂不如贼焉！""",0.692741771
"""令彼征敛者，迫之如火煎。""",0.796621463
"""谁能绝人命，以作时世贤。""",0.033268178
"""思欲委符节，引竿自刺船。""",0.51811779
"""将家就鱼麦，归老江湖边。""",0.60744774
"""兵卫森画戟，宴寝凝清香。""",0.818164528
"""海上风雨至，逍遥池阁凉。""",0.540716778
"""烦疴近消散，嘉宾复满堂。""",0.914658612
"""自惭居处崇，未睹斯民康。""",0.075988293
"""理会是非遣，性达形迹忘。""",0.520198605
"""鲜肥属时禁，蔬果幸见尝。""",0.328402251
"""俯饮一杯酒，仰聆金玉章。""",0.735705262
"""神欢体自轻，意欲凌风翔。""",0.930452137
"""吴中盛文史，群彦今汪洋。""",0.895226777
"""方知大蕃地，岂曰财赋强。""",0.074027533
"""凄凄去亲爱，泛泛入烟雾。""",0.588726444
"""归棹洛阳人，残钟广陵树。""",0.425731394
"""今朝为此别，何处还相遇。""",0.680127739
"""世事波上舟，沿洄安得住。""",0.197176404
"""今朝郡斋冷，忽念山中客。""",0.130242084
"""涧底束荆薪，归来煮白石。""",0.207834367
"""欲持一瓢酒，远慰风雨夕。""",0.934926121
"""落叶满空山，何处寻行迹。""",0.843691807
"""客从东方来，衣上灞陵雨。""",0.655665672
"""问客何为来，采山因买斧。""",0.025754829
"""冥冥花正开，扬扬燕新乳。""",0.213294592
"""昨别今已春，鬓丝生几缕。""",0.557390211
"""落帆逗淮镇，停舫临孤驿。""",0.564707912
"""浩浩风起波，冥冥日沈夕。""",0.304293807
"""人归山郭暗，雁下芦洲白。""",0.172200357
"""独夜忆秦关，听钟未眠客。""",0.82789575
"""吏舍局终年，出郊旷清曙。""",0.145094724
"""杨柳散和风，青山澹吾虑。""",0.114663778
"""依丛适自憩，缘涧还复去。""",0.595426073
"""微雨霭芳原，春鸠鸣何处？""",0.909079963
"""乐幽心屡止，遵事迹犹遽。""",0.664089052
"""终罢斯结庐，慕陶真可庶。""",0.180381171
"""永日方戚戚，出行复悠悠。""",0.900060843
"""女子今有行，大江溯轻舟。""",0.955079562
"""尔辈苦无恃，抚念益慈柔。""",0.995594234
"""幼为长所育，两别泣不休。""",0.720140788
"""对此结中肠，义往难复留！""",0.68845176
"""自小阙内训，事姑贻我忧。""",0.455546377
"""赖兹托令门，仁恤庶无尤。""",0.537550483
"""贫俭诚所尚，资从岂待周？""",0.75700918
"""孝恭遵妇道，容止顺其猷。""",0.686819082
"""别离在今晨，见尔当何秋。""",0.684186383
"""居闲始自遣，临感忽难收。""",0.260127998
"""归来视幼女，零泪缘缨流。""",0.373056378
"""汲井漱寒齿，清心拂尘服。""",0.943277083
"""闲持贝叶书，步出东斋读。""",0.327459568
"""真源了无取，忘迹世所逐。""",0.640670632
"""遗言冀可冥，缮性何由熟？""",0.60738647
"""道人庭宇静，苔色连深竹。""",0.505229231
"""日出雾露馀，青松如膏沐。""",0.7928707
"""澹然离言说，悟悦心自足。""",0.880833719
"""久为簪组累，幸此南夷谪。""",0.208417718
"""闲依农圃邻，偶似山林客。""",0.834553757
"""晓耕翻露草，夜榜响溪石。""",0.663243616
"""来往不逢人，长歌楚天碧。""",0.33150232
"""蝉鸣空桑林，八月萧关道。""",0.565214631
"""出塞复入塞，处处黄芦草。""",0.374270942
"""从来幽并客，皆向沙场老。""",0.979738866
"""莫学游侠儿，矜夸紫骝好。""",0.193625471
"""饮马渡秋水，水寒风似刀。""",0.589960475
"""平沙日未没，黯黯见临洮。""",0.178958289
"""昔日长城战，咸言意气高。""",0.301257086
"""黄尘足今古，白骨乱蓬蒿。""",0.677115932
"""明月出天山，苍茫云海间。""",0.212848813
"""长风几万里，吹度玉门关。""",0.9207602
"""汉下白登道，胡窥青海湾。""",0.731005611
"""由来征战地，不见有人还。""",0.763392003
"""戍客望边色，思归多苦颜。""",0.792108775
"""高楼当此夜，叹息未应闲。""",0.551247439
"""秦地罗敷女，采桑绿水边。""",0.879102867
"""素手青条上，红妆白日鲜。""",0.390819824
"""蚕饥妾欲去，五马莫留连。""",0.946850765
"""镜湖三百里，菡萏发荷花。""",0.09689462
"""五月西施采，人看隘若耶。""",0.02006533
"""回舟不待月，归去越王家。""",0.913470878
"""长安一片月，万户捣衣声。""",0.860770686
"""秋风吹不尽，总是玉关情。""",0.078681663
"""何日平胡虏，良人罢远征？""",0.449916895
"""明朝驿使发，一夜絮征袍。""",0.807322265
"""素手抽针冷，那堪把剪刀。""",0.705483825
"""裁缝寄远道，几日到临洮？""",0.41984215
"""妾发初覆额，折花门前剧。""",0.122532466
"""郎骑竹马来，绕床弄青梅。""",0.38231644
"""同居长干里，两小无嫌猜。""",0.764751139
"""十四为君妇，羞颜未尝开。""",0.949386236
"""低头向暗壁，千唤不一回。""",0.888006539
"""十五始展眉，愿同尘与灰。""",0.065856152
"""常存抱柱信，岂上望夫台！""",0.538259639
"""十六君远行，瞿塘滟预堆。""",0.110757773
"""五月不可触，猿鸣天上哀。""",0.794635644
"""门前迟行迹，一一生绿苔。""",0.948164764
"""苔深不能扫，落叶秋风早。""",0.453145956
"""八月蝴蝶来，双飞西园草。""",0.454963668
"""感此伤妾心，坐愁红颜老。""",0.522518271
"""早晚下三巴，预将书报家。""",0.784177584
"""相迎不道远，直至长风沙。""",0.543299217
"""梧桐相待老，鸳鸯会双死。""",0.46829113
"""贞妇贵殉夫，舍生亦如此。""",0.284869149
"""波澜誓不起，妾心井中水。""",0.712051996
"""慈母手中线，游子身上衣。""",0.170290169
"""临行密密缝，意恐迟迟归。""",0.48316724
"""谁言寸草心，报得三春辉？""",0.099980986
"""前不见古人，后不见来者。""",0.122124349
"""念天地之悠悠，独怆然而涕下！""",0.922052218
"""男儿事长征，少小幽燕客。""",0.22947734
"""赌胜马蹄下，由来轻七尺。""",0.068629181
"""杀人莫敢前，须如猬毛磔。""",0.198576831
"""黄云陇底白雪飞，未得报恩不能归。""",0.324158777
"""辽东小妇年十五，惯弹琵琶解歌舞。""",0.260244814
"""今为羌笛出塞声，使我三军泪如雨！""",0.052997917
"""四月南风大麦黄，枣花未落桐叶长。""",0.849823787
"""青山朝别暮还见，嘶马出门思故乡。""",0.247910641
"""陈侯立身何坦荡，虬须虎眉仍大颡。""",0.528646622
"""腹中贮书一万卷，不肯低头在草莽。""",0.756295859
"""东门酤酒饮我曹，心轻万事皆鸿毛。""",0.418993612
"""醉卧不知白日暮，有时空望孤云高。""",0.109563868
"""长河浪头连天黑，津口停舟渡不得。""",0.418179142
"""郑国游人未及家，洛阳行子空叹息。""",0.324240082
"""闻道故林相识多，罢官昨日今如何？""",0.987387402
"""主人有酒欢今夕，请奏鸣琴广陵客。""",0.170612837
"""月照城头乌半飞，霜凄万树风入衣。""",0.821352928
"""铜炉华烛烛增辉，初弹渌水后楚妃。""",0.451103496
"""一声已动物皆静，四座无言星欲稀。""",0.690358497
"""清淮奉使千馀里，敢告云山从此始？""",0.981384009
"""蔡女昔造胡笳声，一弹一十有八拍。""",0.74262634
"""胡人落泪沾边草，汉使断肠对归客。""",0.496456685
"""古戍苍苍烽火寒，大荒沈沈飞雪白。""",0.400730225
"""先拂声弦后角羽，四郊秋叶惊［扌戚］［扌戚］。""",0.803290551
"""董夫子，通神明，深山窃听来妖精。""",0.127104104
"""言迟更速皆应手，将往复旋如有情。""",0.51616066
"""空山百鸟散还合，万里浮云阴且晴。""",0.583482738
"""嘶酸雏雁失群夜，断绝胡儿恋母声。""",0.613639177
"""川为静其波，鸟亦罢其鸣。""",0.383195095
"""乌孙部落家乡远，逻娑沙尘哀怨生。""",0.636699643
"""幽音变调忽飘洒，长风吹林雨堕瓦。""",0.553463982
"""迸泉飒飒飞木末，野鹿呦呦走堂下。""",0.325483907
"""长安城连东掖垣，凤凰池对青琐门。""",0.719832652
"""高才脱略名与利，日夕望君抱琴至。""",0.250516996
"""南山截竹为筚篥，此乐本自龟兹出。""",0.145134864
"""流传汉地曲转奇，凉州胡人为我吹。""",0.074980562
"""傍邻闻者多叹息，远客思乡皆泪垂。""",0.650822799
"""世人解听不解赏，长飙风中自来往。""",0.467593191
"""枯桑老柏寒飕［风留］，九雏鸣凤乱啾啾。""",0.119975172
"""龙吟虎啸一时发，万籁百泉相与秋。""",0.229829703
"""忽然更作渔阳掺，黄云萧条白日暗。""",0.67984728
"""变调如闻杨柳春，上林繁花照眼新。""",0.184259415
"""岁夜高堂列明烛，美酒一杯声一曲。""",0.882751389
"""山寺钟鸣昼已昏，渔梁渡头争渡喧。""",0.194469092
"""人随沙路向江村，余亦乘舟归鹿门。""",0.759859069
"""鹿门月照开烟树，忽到庞公栖隐处。""",0.829068709
"""岩扉松径长寂寥，惟有幽人自来去。""",0.056169012
"""我本楚狂人，凤歌笑孔丘。""",0.898787144
"""手持绿玉杖，朝别黄鹤楼。""",0.464578927
"""五岳寻仙不辞远，一生好入名山游。""",0.200625474
"""庐山秀出南斗傍，屏风九叠云锦张。""",0.138280015
"""影落明湖青黛光，金阙前开二峰长。""",0.416056441
"""银河倒挂三石梁，香炉瀑布遥相望。""",0.708493331
"""回崖沓障凌苍苍。""",0.886660279
"""翠影红霞映朝日，鸟飞不到吴天长。""",0.451520199
"""登高壮观天地间，大江茫茫去不黄。""",0.927835662
"""黄云万里动风色，白波九道流雪山。""",0.949362732
"""好为庐山谣，兴因庐山发。""",0.289100414
"""闲窥石镜清我心，谢公行处苍苔没。""",0.581210611
"""早服还丹无世情，琴心三叠道初成。""",0.876170313
"""遥见仙人彩云里，手把芙蓉朝玉京。""",0.607794749
"""先期汗漫九垓上，愿接卢敖游太清。""",0.081428611
"""海客谈瀛洲，烟涛微茫信难求。""",0.404948948
"""越人语天姥，云霓明灭或可睹。""",0.474494616
"""天姥连天向天横，势拔五岳掩赤城。""",0.47885128
"""天台四万八千丈，对此欲倒东南倾。""",0.862836456
"""我欲因之梦吴越，一夜飞渡镜湖月。""",0.20726949
"""湖月照我影，送我至剡溪。""",0.57691822
"""谢公宿处今尚在，渌水荡漾清猿啼。""",0.11249804
"""脚著谢公屐，身登青云梯。""",0.782307586
"""半壁见海日，空中闻天鸡。""",0.942764956
"""千岩万壑路不定，迷花倚石忽已暝。""",0.468694996
"""熊咆龙吟殷岩泉，栗深林兮惊层巅。""",0.847122211
"""云青青兮欲雨，水澹澹兮生烟。""",0.788847705
"""裂缺霹雳，丘峦崩摧。""",0.834699543
"""洞天石扇，訇然中开。""",0.327066297
"""青冥浩荡不见底，日月照耀金银台。""",0.067372457
"""霓为衣兮风为马，云之君兮纷纷而来下。""",0.941949129
"""虎鼓瑟兮鸾回车，仙之人兮列如麻。""",0.529078656
"""忽魂悸以魄动，恍惊起而长嗟。""",0.663763845
"""惟觉时之枕席，失向来之烟霞。""",0.433743155
"""世间行乐亦如此，古来万事东流水。""",0.167606186
"""别君去兮何时还？且放白鹿青崖间。""",0.983479255
"""须行即骑访名山。""",0.06593932
"""安能摧眉折腰事权贵，使我不得开心颜！""",0.672496183
"""风吹柳花满店香，吴姬压酒唤客尝。""",0.765824574
"""金陵子弟来相送，欲行不行各尽觞。""",0.503336343
"""请君试问东流水，别意与之谁短长？""",0.456102023
"""弃我去者，昨日之日不可留。""",0.089931981
"""乱我心者，今日之日多烦忧！""",0.957418618
"""长风万里送秋雁，对此可以酣高楼。""",0.01132189
"""蓬莱文章建安骨，中间小谢又清发。""",0.568686278
"""俱怀逸兴壮思飞，欲上青天览明月。""",0.584143009
"""抽刀断水水更流，举杯销愁愁更愁。""",0.778840894
"""人生在世不称意，明朝散发弄扁舟。""",0.357642391
"""君不见走马川行雪海边，平沙莽莽黄入天。""",0.872180306
"""轮台九月风夜吼，一川碎石大如斗。""",0.54617258
"""随风满地石乱走，匈奴草黄马正肥。""",0.196613128
"""金山西见烟尘飞，汉家大将西出师。""",0.827198971
"""将军金甲夜不脱，半夜军行戈相拨。""",0.786827237
"""风头如刀面如割，马毛带雪汗气蒸。""",0.808168304
"""五花连钱旋作冰，幕中草檄砚水凝。""",0.758082877
"""虏骑闻之应胆慑，料知短兵不敢接。""",0.968500499
"""车师西门伫献捷！""",0.5862734
"""轮台城头夜吹角，轮台城北旄头落。""",0.312167519
"""羽书昨夜过渠黎，单于已在金山西。""",0.523296407
"""戍楼西望烟尘黑，汉兵屯在轮台北。""",0.13789577
"""上将拥旄西出征，平明吹笛大军行。""",0.641951082
"""四边伐鼓雪海涌，三军大呼阴山动。""",0.317018369
"""虏塞兵气连云屯，战场白骨缠草根。""",0.596798829
"""剑河风急雪片阔，沙口石冻马蹄脱。""",0.990401734
"""亚相勤王甘苦辛，誓将报主静边尘。""",0.717349019
"""古来青史谁不见，今见功名胜古人。""",0.403641248
"""北风卷地白草折，胡天八月即飞雪。""",0.984888428
"""忽如一夜春风来，千树万树梨花开。""",0.164384002
"""散入珠帘湿罗幕，狐裘不暖锦衾薄。""",0.6905899
"""将军角弓不得控，都护铁衣冷犹著。""",0.018033386
"""瀚海阑干百丈冰，愁云黪淡万里凝。""",0.909732494
"""中军置酒饮归客，胡琴琵琶与羌笛。""",0.081124028
"""纷纷暮雪下辕门，风掣红旗冻不翻。""",0.848641841
"""轮台东门送君去，去时雪满天山路。""",0.291793766
"""山回路转不见君，雪上空留马行处。""",0.574619621
"""国初以来画鞍马，神妙独数江都王。""",0.491076582
"""将军得名三十载，人间又见真乘黄。""",0.067002599
"""曾貌先帝照夜白，龙池十日飞霹雳。""",0.550509273
"""内府殷红玛瑙盘，婕妤传诏才人索。""",0.834560848
"""盘赐将军拜舞归，轻纨细绮相追飞。""",0.280119298
"""贵戚权门得笔迹，始觉屏障生光辉。""",0.218499792
"""昔日太宗拳毛［马呙］，近时郭家狮子花。""",0.274695614
"""今之新图有二马。复令识者久叹嗟。""",0.720388525
"""此皆骑战一敌万，缟素漠漠开风沙。""",0.991683551
"""其余七匹亦殊绝，迥若寒空杂烟雪。""",0.172655245
"""霜蹄蹴踏长楸间，马官厮养森成列。""",0.960365442
"""可怜九马争神骏，顾视清高气深稳。""",0.790135628
"""借问苦心爱者谁，后有韦讽前支盾。""",0.407044237
"""忆昔巡幸新丰宫，翠花拂天来向东。""",0.146945134
"""腾骧磊落三万匹，皆与此图筋骨同。""",0.833906453
"""自从献宝朝河宗，无复射蛟江水中。""",0.50744425
"""君不见，金粟堆前松柏里。龙媒去尽鸟呼风。""",0.658145951
"""将军魏武之子孙，于今为庶为青门。""",0.079762819
"""英雄割据虽已矣，文采风流今尚存。""",0.83733375
"""学书初学卫夫人，但恨无过王右军。""",0.848277103
"""丹青不知老将至，富贵于我如浮云。""",0.994010035
"""开元之中常引见，承恩数上南熏殿。""",0.567794484
"""凌烟功臣少颜色，将军下笔开生面。""",0.060871756
"""良相头上进贤冠，猛将腰间大羽箭。""",0.081592736
"""褒公鄂公毛发动，英姿飒爽犹酣战。""",0.296621892
"""先帝天马玉花骢，画工如山貌不同。""",0.137834216
"""是日牵来赤墀下，迥立阊阖生长风。""",0.770805087
"""诏谓将军拂绢素，意匠惨淡经营中。""",0.890965171
"""斯须九重真龙出，一洗万古凡马空。""",0.582859765
"""玉花却在御榻上，榻上庭前屹相向。""",0.996904307
"""至尊含笑催赐金，圉人太仆皆惆怅。""",0.985563973
"""弟子韩干早入室，亦能画马穷殊相。""",0.317316408
"""干惟画肉不画骨，忍使骅骝气凋丧。""",0.678416844
"""将军画善盖有神，偶逢佳士亦写真。""",0.785188355
"""即今漂泊干戈际，屡貌寻常行路人。""",0.224439833
"""涂穷反遭俗眼白，世上未有如公贫。""",0.091375977
"""但看古来盛名下，终日坎［土禀］缠其身！""",0.518424362
"""今我不乐思岳阳，身欲奋飞病在床。""",0.378533757
"""美人娟娟隔秋水，濯足洞庭望八荒。""",0.805405216
"""鸿飞冥冥日月白，青枫叶赤天雨霜。""",0.03124958
"""玉京群帝集北斗，或骑麒麟翳凤凰。""",0.553123527
"""芙蓉旌旗烟雾落，影动倒景摇潇湘。""",0.289795171
"""星宫之君醉琼浆，羽人稀少不在旁。""",0.411298887
"""似闻昨者赤松子，恐是汉代韩张良。""",0.948500034
"""昔随刘氏定长安，帷幄未改神惨伤。""",0.933177899
"""国家成败吾岂敢，色难腥腐餐枫香。""",0.639932509
"""周南留滞古所惜，南极老人应寿昌。""",0.158144605
"""美人胡为隔秋水，焉得置之贡玉堂？""",0.32342244
"""孔明庙前有老柏，柯如青铜根如石。""",0.311053607
"""双皮溜雨四十围，黛色参天二千尺。""",0.448412444
"""君臣已与时际会，树木犹为人爱惜。""",0.145548884
"""云来气接巫峡长，月出寒通雪山白。""",0.540845739
"""忆昨路绕锦亭东，先主武侯同［门必］宫。""",0.24416956
"""崔嵬枝干郊原古，窈窕丹青户牖空。""",0.630057203
"""落落盘踞虽得地，冥冥孤高多烈风。""",0.848926844
"""扶持自是神明力，正直元因造化功。""",0.454787594
"""大厦如倾要梁栋，万牛回首丘山重。""",0.423348206
"""不露文章世已惊，未辞剪伐谁能送？""",0.49540395
"""苦心岂免容蝼蚁？香叶终经宿鸾凤。""",0.223714631
"""志士幽人莫怨嗟，古来材大难为用！""",0.523560964
"""大历二年十月十九日夔府别驾元持宅见临颍李十二娘舞剑器，壮其蔚［足支］。问""",0.115029254
"""其所师，曰：余公孙大娘弟子也。开元三载，余尚童稚，记于郾城观公孙氏舞剑器""",0.588527631
"""浑脱。浏漓顿挫，独出冠时。自高头宜春梨园二伎坊内人，洎外供奉，晓是舞者，""",0.508786459
"""圣文神武皇帝初，公孙一人而已。玉貌锦衣，况余白首！今兹弟子亦匪盛颜。既辨""",0.666190402
"""其由来，知波澜莫二。抚事慷慨，聊为剑器行。昔者吴人张旭善草书书帖，数尝於""",0.930220644
"""邺县见公孙大娘舞西河剑器，自此草书长进，豪荡感激。即公孙可知矣！""",0.461166022
"""昔有佳人公孙氏，一舞剑器动四方。""",0.838170021
"""观者如山色沮丧，天地为之久低昂。""",0.50082147
"""霍如羿射九日落，矫如群帝骖龙翔。""",0.106673037
"""来如雷霆收震怒，罢如江海凝清光。""",0.833853169
"""绛唇珠袖两寂寞，晚有弟子传芬芳。""",0.35644866
"""临颍美人在白帝，妙舞此曲神扬扬。""",0.908776463
"""与余问答既有以，感时抚事增惋伤。""",0.109988161
"""先帝侍女八千人，公孙剑器初第一。""",0.795772598
"""五十年间似反掌，风尘［氵项］洞昏王室。""",0.249744674
"""梨园子弟散如烟，女乐馀姿映寒日。""",0.333830598
"""金粟堆前木已拱，瞿塘石城草萧瑟。""",0.340004344
"""玳筵急管曲复终，乐极哀来月东出。""",0.057683074
"""老夫不知其所往，足茧荒山转愁疾。""",0.139975001
"""漫叟以公田米酿酒，因休暇，则载酒于湖上，""",0.643440166
"""时取一醉；欢醉中，据湖岸，引臂向鱼取酒，""",0.985283692
"""使舫载之，遍饮坐者。意疑倚巴丘，酌於君山""",0.707187528
"""之上，诸子环洞庭而坐，酒舫泛泛然，触波涛""",0.86989603
"""而往来者，乃作歌以长之。""",0.52667393
"""石鱼湖，似洞庭，夏水欲满君山青。""",0.4671727
"""山为樽，水为沼，酒徒历历坐洲鸟。""",0.543027381
"""长风连日作大浪，不能废人运酒舫。""",0.793619692
"""我持长瓢坐巴丘，酌饮四座以散愁。""",0.963432326
"""山石荦确行径微，黄昏到寺蝙蝠飞。""",0.36492532
"""升堂坐阶新雨足，芭蕉叶大栀子肥。""",0.227622929
"""僧言古壁佛画好，以火来照所见稀。""",0.823426797
"""铺床拂席置羹饭，疏粝亦足饱我饥。""",0.109681554
"""夜深静卧百虫绝，清月出岭光入扉。""",0.815188319
"""天明独去无道路，出入高下穷烟霏。""",0.332079425
"""山红涧碧纷烂漫，时见松枥皆十围。""",0.436812968
"""当流赤足蹋涧石，水声激激风吹衣。""",0.400177153
"""人生如此自可乐，岂必局束为人［革几］！""",0.860790987
"""嗟哉吾党二三子，安得至老不更归！""",0.174655077
"""纤云四卷天无河，清风吹空月舒波。""",0.081439552
"""沙平水息声影绝，一杯相属君当歌。""",0.187196084
"""君歌声酸辞且苦，不能听终泪如雨。""",0.347022575
"""洞庭连天九嶷高，蛟龙出没猩鼯号。""",0.030506104
"""十生九死到官所，幽居默默如藏逃。""",0.889704361
"""下床畏蛇食畏药，海气湿蛰熏腥臊。""",0.822586618
"""昨者州前槌大鼓，嗣皇继圣登夔皋。""",0.108010244
"""赦书一日行万里，罪从大辟皆除死。""",0.791752114
"""迁者追回流者还，涤瑕荡垢清朝班。""",0.214351129
"""州家申名使家抑，坎轲只得移荆蛮。""",0.298612997
"""判司卑官不堪说，未免捶楚尘埃间。""",0.232555879
"""同时辈流多上道，天路幽险难追攀。""",0.987328821
"""君歌且休听我歌，我歌今与君殊科。""",0.778508984
"""一年明月今宵多，人生由命非由他。""",0.432841213
"""有酒不饮奈明何！""",0.444660506
"""五岳祭秩皆三公，四方环镇嵩当中。""",0.632879467
"""火维地荒足妖怪，天假神柄专其雄。""",0.208325103
"""喷云泄雾藏半腹，虽有绝顶谁能穷？""",0.988023915
"""我来正逢秋雨节，阴气晦昧无清风。""",0.276066541
"""潜心默祷若有应，岂非正直能感通！""",0.056929775
"""须臾静扫众峰出，仰见突兀撑青空。""",0.329767317
"""紫盖连延接天柱，石廪腾掷堆祝融。""",0.220977878
"""森然魄动下马拜，松柏一迳趋灵宫。""",0.117508
"""纷墙丹柱动光彩，鬼物图画填青红。""",0.767782302
"""升阶伛偻荐脯酒，欲以菲薄明其衷。""",0.323586434
"""庙内老人识神意，睢盱侦伺能鞠躬。""",0.333796508
"""手持杯［王交］导我掷，云此最吉馀难同。""",0.050154328
"""窜逐蛮荒幸不死，衣食才足甘长终。""",0.802924555
"""侯王将相望久绝，神纵欲福难为功！""",0.764125718
"""夜投佛寺上高阁，星月掩映云［日童］［日龙］。""",0.351927435
"""猿鸣钟动不知曙，杲杲寒日生于东。""",0.161293225
"""张生手持石鼓文，劝我识作石鼓歌。""",0.161179985
"""少陵无人谪仙死，才薄将奈石鼓何！""",0.05011623
"""周纲凌迟四海沸，宣王愤起挥天戈。""",0.948739747
"""大开明堂受朝贺，诸侯剑佩鸣相磨。""",0.346148047
"""搜于岐阳骋雄俊，万里禽兽皆遮罗。""",0.285726064
"""镌功勒成告万世，凿石作鼓隳嵯峨。""",0.75322506
"""从臣才艺咸第一，拣选撰刻留山阿。""",0.326217103
"""雨淋日炙野火燎，鬼物守护烦［扌为］呵。""",0.006560191
"""公从何处得纸本？毫发尽备无差讹。""",0.135790783
"""辞严义密读难晓，字体不类隶与蝌。""",0.077139966
"""年深岂免有缺画，快剑砍断生蛟鼍。""",0.772469144
"""鸾翔凤翥众仙下，珊瑚碧树交枝柯。""",0.944355887
"""金绳铁索锁钮壮，古鼎跃水龙腾梭。""",0.696180771
"""陋儒编诗不收入，二雅褊迫无委蛇。""",0.702909994
"""孔子西行不到秦，掎摭星宿遗羲娥。""",0.372053057
"""嗟予好古生苦晚，对此涕泪双滂沱。""",0.351842027
"""忆昔初蒙博士征，其年始改称元和。""",0.533832819
"""故人从军在右辅，为我度量掘臼科。""",0.006347781
"""濯冠沐浴告祭酒，如此至宝存岂多！""",0.020526206
"""毡包席裹可立致，十鼓只载数骆驼。""",0.467561241
"""荐诸太庙比郜鼎，光价岂止百倍过！""",0.060791217
"""圣恩若许留太学，诸生讲解得切磋。""",0.513575135
"""观经鸿都尚填咽，坐见举国来奔波。""",0.519896047
"""剜苔剔藓露节角，安置妥帖平不颇。""",0.12706982
"""大厦深檐与盖覆，经历久远期无佗。""",0.491562928
"""中朝大官老于事，讵肯感激徒□（“妍”右上一横改为“合”）婀。""",0.645731727
"""牧童敲火牛砺角，谁复著手为摩挲？""",0.085142656
"""日销月铄就埋没，六年西顾空吟哦。""",0.82906699
"""羲之俗书趁姿媚，数纸尚可博白鹅。""",0.584207973
"""继周八代争战罢，无人收拾理则那。""",0.36917388
"""方今太平日无事，柄任儒术崇丘轲。""",0.95186736
"""安能以此上论列，愿借辩口如悬河。""",0.427085156
"""石鼓之歌止于此，呜呼吾意其蹉跎！""",0.072136299
"""渔翁夜傍西岩宿，晓汲清湘燃楚烛。""",0.220559828
"""烟销日出不见人，［矣欠］乃一声山水绿。""",0.728625829
"""回看天际下中流，岩上无心云相逐。""",0.526010671
"""汉皇重色思倾国，御宇多年求不得。""",0.460966216
"""杨家有女初长成，养在深闺人未识。""",0.449907866
"""天生丽质难自弃，一朝选在君王侧。""",0.821943486
"""回眸一笑百媚生，六宫粉黛无颜色。""",0.274127227
"""春寒赐浴华清池，温泉水滑洗凝脂。""",0.369521061
"""侍儿扶起娇无力，始是新承恩泽时。""",0.06542033
"""云鬓花颜金步摇，芙蓉帐暖度春宵。""",0.655329345
"""春宵苦短日高起，从此君王不早朝。""",0.567837427
"""承欢侍宴无闲暇，春从春游夜专夜。""",0.595826244
"""后宫佳丽三千人，三千宠爱在一身。""",0.852659502
"""金星妆成娇侍夜，玉楼宴罢醉和春。""",0.153941862
"""姊妹弟兄皆列士，可怜光彩生门户。""",0.270291541
"""遂令天下父母心，不重生男重生女。""",0.714955341
"""骊宫高处入青云，仙乐风飘处处闻。""",0.434835993
"""缓歌慢舞凝丝竹，尽日君王看不足。""",0.365871898
"""渔阳鼙鼓动地来，惊破霓裳羽衣曲。""",0.276335921
"""九重城阙烟尘生，千乘万骑西南行。""",0.205548346
"""翠华摇摇行复止，西出都门百馀里。""",0.545770465
"""六军不发无奈何，宛转蛾眉马前死。""",0.522278377
"""花钿委地无人收，翠翘金雀玉搔头。""",0.209492877
"""君王掩面救不得，回看血泪相和流。""",0.737095153
"""黄埃散漫风萧索，云栈萦纡登剑阁。""",0.027150285
"""峨嵋山下少人行，旌旗无光日色薄。""",0.71236069
"""蜀江水碧蜀山青，圣主朝朝暮暮情。""",0.388739481
"""行宫见月伤心色，夜雨闻铃肠断声。""",0.193923309
"""天旋地转回龙驭，到此踌躇不能去。""",0.640060414
"""马嵬坡下泥土中，不见玉颜空死处。""",0.221054563
"""君臣相顾尽沾衣，东望都门信马归。""",0.481771554
"""归来池苑皆依旧，太液芙蓉未央柳。""",0.634160328
"""芙蓉如面柳如眉，对此如何不泪垂！""",0.972398622
"""春风桃李花开日，秋雨梧桐叶落时。""",0.180020115
"""西宫南内多秋草，落叶满阶红不扫。""",0.178418203
"""梨园子弟白发新，椒房阿监青娥老。""",0.129943907
"""夕殿萤飞思悄然，孤灯挑尽未成眠。""",0.7521397
"""迟迟钟鼓初长夜，耿耿星河欲曙天。""",0.817071716
"""鸳鸯瓦冷霜华重，翡翠衾寒谁与共？""",0.017115987
"""悠悠生死别经年，魂魄不曾来入梦。""",0.670818731
"""临邛道士鸿都客，能以精诚致魂魄。""",0.100823278
"""为感君王辗转思，遂教方士殷勤觅。""",0.655314101
"""排空驭气奔如电，升天入地求之遍。""",0.513053541
"""上穷碧落下黄泉，两处茫茫皆不见。""",0.287969248
"""忽闻海上有仙山，山在虚无缥缈间。""",0.129647205
"""楼阁玲珑五云起，其中绰约多仙子。""",0.214146393
"""中有一人字太真，雪肤花貌参差是。""",0.84479862
"""金阙西厢叩玉扃，转教小玉报双成。""",0.256255641
"""闻道汉家天子使，九华帐里梦魂惊。""",0.998803062
"""揽衣推枕起徘徊，珠箔银屏迤逦开。""",0.745607517
"""云鬓半偏新睡觉，花冠不整下堂来。""",0.960311089
"""风吹仙袂飘飘举，犹似霓裳羽衣舞。""",0.15534266
"""玉容寂寞泪阑干，梨花一枝春带雨。""",0.314671579
"""含情凝睇谢君王，一别音容两渺茫。""",0.705524344
"""昭阳殿里恩爱绝，蓬莱宫中日月长。""",0.694468875
"""回头下望人寰处，不见长安见尘雾。""",0.944485196
"""唯将旧物表深情，钿合金钗寄将去。""",0.374481317
"""钗留一股合一扇，钗擘黄金合分钿。""",0.922330493
"""但教心似金钿坚，天上人间会相见。""",0.599250365
"""临别殷勤重寄词，词中有誓两心知。""",0.72683384
"""七月七日长生殿，夜半无人私语时。""",0.883358213
"""在天愿作比翼鸟，在地愿为连理枝。""",0.485298213
"""天长地久有时尽，此恨绵绵无绝期！""",0.75393606
"""元和十年，予左迁九江郡司马。明年秋，送客湓浦口，闻船中夜弹琵琶者，听其音""",0.342875423
"""，铮铮然有京都声；问其人，本长安倡女，尝学琵琶於穆曹二善才。年长色衰，委""",0.764007811
"""身为贾人妇。遂命酒，使快弹数曲，曲罢悯然。自叙少小时欢乐事，今漂沦憔悴，""",0.630780504
"""转徙於江湖间。予出官二年恬然自安，感斯人言，是夕，始觉有迁谪意，因为长句""",0.251565429
"""歌以赠之，凡六百一十六言，命曰琵琶行。""",0.053338507
"""浔言江头夜送客，枫叶荻花秋瑟瑟。""",0.095445518
"""主人下马客在船，举酒欲饮无管弦。""",0.040033673
"""醉不成欢惨将别，别时茫茫江浸月。""",0.067169958
"""忽闻水上琵琶声，主人忘归客不发。""",0.576834883
"""寻声暗问弹者谁，琵琶声停欲语迟。""",0.58183296
"""移船相近邀相见，添酒回灯重开宴。""",0.16837228
"""千呼万唤始出来，犹抱琵琶半遮面。""",0.63835916
"""转轴拨弦三两声，未成曲调先有情。""",0.347422659
"""弦弦掩抑声声思，似诉平生不得志。""",0.522057214
"""低眉信手续续弹，说尽心中无限事。""",0.053479152
"""轻拢慢捻抹复挑，初为霓裳后六么。""",0.036124119
"""大弦嘈嘈如急雨，小弦切切如私语。""",0.911299604
"""嘈嘈切切错杂弹，大珠小珠落玉盘。""",0.508667302
"""间关莺语花底滑，幽咽泉流水下滩。""",0.85521461
"""水泉冷涩弦凝绝，凝绝不通声渐歇。""",0.663247832
"""别有幽愁暗恨生，此时无声胜有声。""",0.089116613
"""银瓶乍破水浆迸，铁骑突出刀枪鸣。""",0.701888047
"""曲终收拨当心画，四弦一声如裂帛。""",0.580569392
"""东船西舫悄无言，唯见江心秋月白。""",0.451323873
"""沈吟放拨插弦中，整顿衣裳起敛容。""",0.337809947
"""自言本是京城女，家在虾蟆陵下住。""",0.620686347
"""十三学得琵琶成，名属教坊第一部。""",0.633312864
"""曲罢曾教善才服，妆成每被秋娘妒。""",0.481539757
"""五陵年少争缠头，一曲红绡不知数。""",0.008793269
"""钿头银篦击节碎，血色罗裙翻酒污。""",0.765616106
"""今年欢笑复明年，秋月春风等闲度。""",0.676697137
"""弟走从军阿姨死，暮去朝来颜色故。""",0.798420826
"""门前冷落车马稀，老大嫁作商人妇。""",0.394472705
"""商人重利轻别离，前月浮梁买茶去。""",0.125553248
"""去来江口守空船，绕船月明江水寒。""",0.764049324
"""夜深忽梦少年事，梦啼妆泪红阑干。""",0.733211799
"""我闻琵琶已叹息，又闻此语重唧唧。""",0.546026948
"""同是天涯沦落人，相逢何必曾相识！""",0.160045938
"""我从去年辞帝京，谪居卧病浔阳城。""",0.543778222
"""浔阳地僻无音乐，终岁不闻丝竹声。""",0.731646684
"""住近湓江地低湿，黄芦苦竹绕宅生。""",0.763555665
"""其间旦暮闻何物？杜鹃啼血猿哀鸣。""",0.974702168
"""春江花朝秋月夜，往往取酒还独倾。""",0.599554201
"""岂无山歌与村笛，呕哑嘲哳难为听！""",0.347050087
"""今夜闻君琵琶语，如听仙乐耳暂明。""",0.012281395
"""莫辞更坐弹一曲，为君翻作琵琶行。""",0.919400871
"""感我此言良久立，却坐促弦弦转急。""",0.985662127
"""凄凄不似向前声，满座重闻皆掩泣。""",0.452599243
"""座中泣下谁最多，江州司马青衫湿！""",0.6287848
"""元和天子神武姿，彼何人哉轩与羲。""",0.463440159
"""誓将上雪列圣耻，坐法宫中朝四夷。""",0.218643483
"""淮西有贼五十载，封狼生［豸区］［豸区］生罴。""",0.673535564
"""不据山河据平地，长戈利矛日可麾。""",0.22157783
"""帝得圣相相曰度，贼斫不死神扶持。""",0.401689822
"""腰悬相印作都统，阴风惨澹天王旗。""",0.61188517
"""□（上朔下心］武古通作牙爪，仪曹外郎载笔随。""",0.717686858
"""行军司马智且勇，十四万众犹虎貔。""",0.026522841
"""入蔡缚贼献太庙，功无与让恩不訾。""",0.504922291
"""帝曰汝度功第一，汝从事愈宜为辞。""",0.672998162
"""愈拜稽首蹈且舞，金石刻画臣能为。""",0.244406109
"""古者世称大手笔，此事不系于职司。""",0.014986912
"""当仁自古有不让，言讫屡颔天子颐。""",0.717308409
"""公退斋戒坐小阁，濡染大笔何淋漓！""",0.110277987
"""点窜尧典舜典字，涂改清庙生民诗。""",0.251990255
"""文成破体书在纸，清晨再拜铺丹墀。""",0.273504899
"""表曰臣愈昧死上，咏神圣功书之碑。""",0.227587127
"""碑高三丈字如斗，负以灵鳌蟠以螭。""",0.503493773
"""句奇语重喻者少，谗之天子言其私。""",0.25768695
"""长绳百尺拽碑倒，粗沙大石相磨治。""",0.10221268
"""公之斯文若元气，先时已入人肝脾。""",0.62022029
"""汤盘孔鼎有述作，今无其器存其辞。""",0.942126417
"""呜呼圣皇及圣相，相与［火亘］赫流淳熙。""",0.403298592
"""公之斯文不示后，曷与三五相攀追。""",0.113885046
"""愿书万本诵万过，口角流沫右手胝。""",0.15511117
"""传之七十有二代，以为封禅玉检明堂基。""",0.013382667
"""开元二十六年，客有从御史大夫张公出塞而还者，作燕歌行以示适，感征戍之事，""",0.599404122
"""因而和焉。""",0.732802802
"""汉家烟尘在东北，汉将辞家破残贼。""",0.405893467
"""男儿本自重横行，天子非常赐颜色。""",0.701621802
"""［扌从］金伐鼓下榆关，旌旆逶迤碣石间。""",0.881057102
"""校尉羽书飞瀚海，单于猎火照狼山。""",0.181111286
"""山川萧条极边土，胡骑凭陵杂风雨。""",0.306792697
"""战士军前半死生，美人帐下犹歌舞。""",0.547877346
"""大漠穷秋塞草衰，孤城落日斗兵稀。""",0.041230447
"""身当恩遇常轻敌，力尽关山未解围。""",0.038079941
"""铁衣远戍辛勤久，玉筋应啼别离后。""",0.971891256
"""少妇城南欲断肠，征人蓟北空回首。""",0.109734605
"""边庭飘摇那可度，绝域苍茫更何有！""",0.958844047
"""杀气三时作阵云，寒声一夜传刁斗。""",0.389972554
"""相看白刃血纷纷，死节从来岂顾勋？""",0.598024511
"""君不见沙场征战苦，至今犹忆李将军！""",0.172304595
"""白日登山望烽火，黄昏饮马傍交河。""",0.153623237
"""行人刁斗风沙暗，公主琵琶幽怨多。""",0.482566698
"""野云万里无城郭，雨雪纷纷连大漠。""",0.756555553
"""胡雁哀鸣夜夜飞，胡儿眼泪双双落。""",0.26263591
"""闻道玉门犹被遮，应将性命逐轻车。""",0.898686248
"""年年战骨埋荒外，空见葡萄入汉家。""",0.475394575
"""洛阳女儿对门居，才可容颜十五馀。""",0.592852492
"""良人玉勒乘骢马，侍女金盘脍鲤鱼。""",0.925475522
"""画阁朱楼尽相望，红桃绿柳垂檐向。""",0.222033273
"""罗帷送上七香车，宝扇迎归九华帐。""",0.155844333
"""狂夫富贵在青春，意气骄奢剧季伦。""",0.741766709
"""自怜碧玉亲教舞，不惜珊瑚持与人。""",0.759641568
"""春窗曙灭九微火，九微片片飞花琐。""",0.986584976
"""戏罢曾无理曲时，妆成只是薰香坐。""",0.423247824
"""城中相识尽繁华，日夜经过赵李家。""",0.416350458
"""谁怜越女颜如玉，贫贱江头自浣纱！""",0.52128766
"""少年十五二十时，步行夺得胡马骑。""",0.738033037
"""射杀山中白额虎，肯数邺下黄须儿！""",0.330956738
"""一身转战三千里，一剑曾当百万师。""",0.761752934
"""汉兵奋迅如霹雳，虏骑崩腾畏蒺藜。""",0.103019329
"""卫青不败由天幸，李广无功缘数奇。""",0.157245406
"""自从弃置便衰朽，世事蹉跎成白首。""",0.780929365
"""昔时飞箭无全目，今日垂杨生左肘。""",0.026298526
"""路旁时卖故侯瓜，门前学种先生柳。""",0.334929968
"""苍茫古木连穷巷，寥落寒山对虚牖。""",0.876319954
"""誓令疏勒出飞泉，不似颍川空使酒。""",0.33374687
"""贺兰山下阵如云，羽檄交驰日夕闻。""",0.589482828
"""节使三河募年少，诏书五道出将军。""",0.900377078
"""试拂铁衣如雪色，聊持宝剑动星文。""",0.080765517
"""愿得燕弓射大将，耻令越甲鸣吾君。""",0.080587606
"""莫嫌旧日云中守，犹堪一战取功勋！""",0.85770116
"""渔舟逐水爱山春，两岸桃花夹古津。""",0.776942729
"""坐看红树不知远，行尽青溪不见人。""",0.235947647
"""山口潜行始隈［阝奥］，山开旷望旋平陆。""",0.377145805
"""遥看一处攒云树，近入千家散花竹。""",0.921054698
"""樵客初传汉姓名，居人未改秦衣服。""",0.20972961
"""居人共住武陵源，还从物外起田园。""",0.12941597
"""月明松下房栊静，日出云中鸡犬喧。""",0.228512954
"""惊闻俗客争来集，竞引还家问都邑。""",0.24724616
"""平明闾巷扫花开，薄暮渔樵乘水入。""",0.496260795
"""初因避地去人间，及至成仙遂不还。""",0.388913978
"""峡里谁知有人事？世中遥望空云山。""",0.138348015
"""不疑灵境难闻见，尘心未尽思乡县。""",0.478118211
"""出洞无论隔山水，辞家终拟长游衍。""",0.280195025
"""自谓经过旧不迷，安知峰壑今来变？""",0.421579924
"""当时只记入山深，青溪几曲到云林。""",0.694779329
"""春来遍是桃花水，不辨仙源何处寻。""",0.735407412
"""噫吁戏，危乎高哉！""",0.884906553
"""蜀道之难难于上青天！""",0.700489669
"""蚕丛及鱼凫，开国何茫然！""",0.991312857
"""尔来四万八千岁，始与秦塞通人烟。""",0.48225859
"""西当太白有鸟道，可以横绝峨眉巅。""",0.088172253
"""地崩山摧壮士死，然后天梯石栈方钩连。""",0.915493038
"""上有六龙回日之高标，下有冲波逆折之回川。""",0.5711986
"""黄鹤之飞尚不得，猿猱欲度愁攀援。""",0.965655282
"""青泥何盘盘，百步九折萦岩峦。""",0.619067411
"""扪参历井仰胁息，以手抚膺坐长叹。""",0.472624307
"""问君西游何时还？畏途□（繁体“谗”换山旁）岩不可攀！""",0.507600662
"""但见悲鸟号古木，雄飞雌从绕林间。""",0.712151633
"""又闻子规啼，夜月愁空山。""",0.335258394
"""蜀道之难难于上青天！使人听此凋朱颜。""",0.736465951
"""连峰去天不盈尺，枯松倒挂倚绝壁。""",0.773842739
"""飞湍瀑流争喧［兀豕］，冰崖转石万壑雷。""",0.054257308
"""其险也如此！""",0.045773365
"""嗟尔远道之人，胡为乎来哉？""",0.965240943
"""剑阁峥嵘而崔嵬。""",0.911251421
"""一夫当关，万夫莫开。""",0.381037629
"""所守或匪亲，化为狼与豺。""",0.783683028
"""朝避猛虎，夕避长蛇。""",0.693081759
"""磨牙吮血，杀人如麻。""",0.650362894
"""锦城虽云乐，不如早还家。""",0.86231023
"""蜀道之难难于上青天！侧身西望常咨嗟！""",0.499973995
"""长相思，在长安。""",0.172695516
"""络纬秋啼金井阑，微霜凄凄簟色寒。""",0.712495035
"""孤灯不明思欲绝，卷帷望月空长叹。""",0.271724728
"""美人如花隔云端。""",0.268741133
"""上有青冥之长天，下有渌水之波澜。""",0.151204067
"""天长路远魂飞苦，梦魂不到关山难。""",0.701088447
"""长相思，摧心肝！""",0.266913499
"""日色已尽花含烟，月明欲素愁不眠。""",0.846835443
"""赵瑟初停凤凰柱，蜀琴欲奏鸳鸯弦。""",0.565724635
"""此曲有意无人传，愿随春风寄燕然。""",0.383204872
"""忆君迢迢隔青天。""",0.808015037
"""昔日横波目，今成流泪泉。""",0.336309705
"""不信妾肠断，归来看取明镜前。""",0.175841994
"""金樽清酒斗十千，玉盘珍羞值万钱。""",0.08246345
"""停杯投箸不能食，拔剑四顾心茫然。""",0.699702417
"""欲渡黄河冰塞川，将登太行雪满山。""",0.261001492
"""闲来垂钓碧溪上，忽复乘舟梦日边。""",0.796103927
"""行路难，行路难！多歧路，今安在？""",0.320986569
"""长风破浪会有时，直挂云帆济沧海。""",0.050046795
"""大道如青天，我独不得出。""",0.301920223
"""羞逐长安社中儿，赤鸡白狗赌梨栗。""",0.095446308
"""弹剑作歌奏苦声，曳裾王门不称情。""",0.318358167
"""淮阴市井笑韩信，汉朝公卿忌贾生。""",0.133996101
"""君不见，昔时燕家重郭隗，拥彗折节无嫌猜""",0.369387685
"""剧辛乐毅感恩分，输肝剖胆效英才。""",0.804028297
"""昭王白骨萦蔓草，谁人更扫黄金台？""",0.857045899
"""行路难，归去来！""",0.862202487
"""有耳莫洗颍川水，有口莫食首阳蕨。""",0.440511137
"""含光混世贵无名，何用孤高比云月？""",0.767189332
"""吾观自古贤达人，功成不退皆殒身。""",0.180206144
"""子胥既弃吴江上，屈原终投湘水滨。""",0.274061146
"""陆机雄才岂自保？李斯税驾苦不早。""",0.865060595
"""华亭鹤唳讵可闻，上蔡苍鹰何足道！""",0.41814841
"""君不见，吴中张翰称达生，秋风忽忆江东行。""",0.38667178
"""且乐生前一杯酒，何须身后千载名！""",0.398002874
"""君不见，黄河之水天上来，奔流到海不复回。""",0.840161329
"""君不见，高堂明镜悲白发，朝如青丝暮成雪。""",0.584972155
"""人生得意须尽欢，莫使金樽空对月！""",0.55259358
"""天生我材必有用，千金散尽还复来。""",0.482718543
"""烹羊宰牛且为乐，会须一饮三百杯！""",0.058595803
"""岑夫子，丹丘生，将进酒，君莫停！""",0.066320025
"""与君歌一曲，请君为我侧耳听！""",0.522425309
"""钟鼓馔玉不足贵，但愿长醉不愿醒！""",0.31287528
"""古来圣贤皆寂寞，惟有饮者留其名！""",0.040110187
"""陈王昔时宴平乐，斗酒十千恣欢谑。""",0.579562746
"""主人何为言少钱？径须沽取对君酌。""",0.516209155
"""五花马，千金裘，呼儿将出换美酒，与尔同消万古愁！""",0.321280579
"""车辚辚，马萧萧，行人弓箭各在腰。""",0.2510002
"""耶娘妻子走相送，尘埃不见咸阳桥。""",0.830313713
"""牵衣顿足拦道哭，哭声直上干云霄！""",0.762519043
"""道旁过者问行人，行人但云点行频。""",0.0968438
"""或从十五北防河，便至四十西营田。""",0.16821111
"""去时里正与裹头，归来头白还戍边！""",0.119185067
"""边亭流血成海水，武皇开边意未已。""",0.44334041
"""君不闻，汉家山东二百州，千村万落生荆杞！""",0.890458407
"""纵有健妇把锄犁，禾生陇亩无东西。""",0.641957077
"""况复秦兵耐苦战，被驱不异犬与鸡。""",0.307696455
"""长者虽有问，役夫敢申恨？""",0.95312411
"""且如今年冬，未休关西卒。""",0.563437116
"""县官急索租，租税从何出？""",0.052679314
"""信知生男恶，反是生女好。""",0.464487525
"""生女犹得嫁比邻，生男埋没随百草！""",0.699356999
"""君不见，青海头，古来白骨无人收。""",0.510091424
"""新鬼烦冤旧鬼哭，天阴雨湿声啾啾！""",0.287317888
"""三月三日天气新，长安水边多丽人。""",0.081728627
"""态浓意远淑且真，肌理细腻骨肉匀。""",0.199593633
"""绣罗衣裳照暮春，蹙金孔雀银麒麟。""",0.164527705
"""头上何所有？翠微盍叶垂鬓唇。""",0.074823132
"""背后何所见？珠压腰［衤及］稳称身。""",0.54885926
"""就中云幕椒房亲，赐名大国虢与秦。""",0.237965159
"""紫驼之峰出翠釜，水精之盘行素鳞。""",0.899544701
"""犀箸餍饫久未下，鸾刀缕切空纷纶。""",0.785821879
"""黄门飞［革空］不动尘，御厨络绎送八珍。""",0.077472682
"""箫鼓哀吟感鬼神，宾从杂沓实要津。""",0.408169304
"""后来鞍马何逡巡，当轩下马入锦茵。""",0.165777275
"""杨花雪落覆白苹，青鸟飞去衔红巾。""",0.67971822
"""炙手可热势绝伦，慎莫近前丞相嗔！""",0.786052739
"""少陵野老吞生哭，春日潜行曲江曲。""",0.446462031
"""江头宫殿锁千门，细柳新蒲为谁绿？""",0.620638377
"""忆昔霓旌下南苑，苑中景物生颜色。""",0.156759891
"""昭阳殿里第一人，同辇随君侍君侧。""",0.370207339
"""辇前才人带弓箭，白马嚼啮黄金勒。""",0.349138843
"""翻身向天仰射云，一箭正坠双飞翼。""",0.276900947
"""明眸皓齿今何在？血污游魂归不得！""",0.606497086
"""清渭东流剑阁深，去住彼此无消息。""",0.19477516
"""人生有情泪沾臆，江水江花岂终极？""",0.723748899
"""黄昏胡骑尘满城，欲往城南望城北。""",0.51424656
"""长安城头头白乌，夜飞延秋门上呼。""",0.334448159
"""又向人家啄大屋，屋底达官走避胡。""",0.220802587
"""金鞭断折九马死，骨肉不待同驰驱。""",0.727707892
"""腰下宝［“决”换王旁］青珊瑚，可怜王孙泣路隅！""",0.868776709
"""问之不肯道姓名，但道困苦乞为奴。""",0.53575216
"""已经百日窜荆棘，身上无有完肌肤。""",0.283239797
"""高帝子孙尽隆准，龙种自与常人殊。""",0.435659471
"""豺狼在邑龙在野，王孙善保千金躯。""",0.07263256
"""不敢长语临交衢，且为王孙立斯须。""",0.945481982
"""昨夜东风吹血腥，东来橐驼满旧都。""",0.486278491
"""朔方健儿好身手，昔何勇锐今何愚！""",0.215072197
"""窃闻天子已传位，圣德北服南单于。""",0.519275062
"""花门□（“嫠”下女换刀）面请雪耻，慎勿出口他人狙！""",0.340459681
"""哀哉王孙慎勿疏，五陵佳气无时无。""",0.082237668
"""夫子何为者，栖栖一代中。""",0.685283631
"""地犹鄹氏邑，宅即鲁王宫。""",0.360256002
"""叹凤嗟身否？伤麟怨道穷。""",0.685417007
"""今看两楹奠，当与梦时同。""",0.903670357
"""海上生明月，天涯共此时。""",0.836170689
"""情人怨遥夜，竟夕起相思！""",0.50416076
"""灭烛怜光满，披衣觉露滋。""",0.978961869
"""不堪盈手赠，还寝梦佳期。""",0.744292869
"""城阙辅三秦，风烟望五津。""",0.790676526
"""与君离别意，同是宦游人。""",0.316538025
"""海内存知己，天涯若比邻。""",0.195322462
"""无为在歧路，儿女共沾巾。""",0.568836918
"""余禁所禁垣西，是法厅事也。有古槐数株焉，虽生意可知，同殷仲文之古树，而听""",0.134446887
"""讼斯在，即周召伯之甘棠。每至夕照低阴，秋蝉疏引，发声幽息，有切尝闻；岂人""",0.440313648
"""心异於曩时，将虫响悲於前听？嗟乎！声以动容，德以象贤，故洁其身也，禀君子""",0.060624783
"""达人之高行；蜕其皮也，有仙都羽化之灵姿。候时而来，顺阴阳之数；应节为变，""",0.692561694
"""审藏用之机。有目斯开，不以道昏而昧其视；有翼自薄，不以俗厚而易其真。吟乔""",0.066130565
"""树之微风，韵资天纵；饮高秋之坠露，清畏人知。仆失路艰虞，遭时徽［纟墨］，""",0.054764804
"""不哀伤而自怨，未摇落而先衰。闻蟪蛄之流声，悟平反之已奏；见螳螂之抱影，怯""",0.853581849
"""危机之未安。感而缀诗，贻诸知己。庶情沿物应，哀弱羽之飘零；道寄人知，悯馀""",0.281775042
"""声之寂寞。非谓文墨，取代幽忧云尔。""",0.28844768
"""西路蝉声唱，南冠客思侵。""",0.123216133
"""那堪玄鬓影，来对白头吟！""",0.667277078
"""露重飞难进，风多响易沉。""",0.129938615
"""无人信高洁，谁为表予心？""",0.826510288
"""独有宦游人，偏惊物候新。""",0.958569402
"""云霞出海曙，梅柳渡江春。""",0.264718495
"""淑气催黄鸟，晴光转绿苹。""",0.714389043
"""忽闻歌古调，归思欲沾巾。""",0.400302747
"""闻道黄龙戍，频年不解兵。""",0.056565292
"""可怜闺里月，长在汉家营。""",0.772543227
"""少妇今春意，良人昨夜情。""",0.612145647
"""谁能将旗鼓，一为取龙城？""",0.999203524
"""阳月南飞雁，传闻至此回。""",0.224992883
"""我行殊未已，何日复归来？""",0.439849157
"""江静潮初落，林昏瘴不开。""",0.178624268
"""明朝望乡处，应见陇头梅。""",0.878833977
"""客路青山外，行舟绿水前。""",0.34377215
"""潮平两岸阔，风正一帆悬。""",0.940296565
"""海日生残夜，江春入旧年。""",0.446419528
"""乡书何处达？归雁洛阳边。""",0.444927774
"""清晨入古寺，初日照高林。""",0.343811638
"""曲径通幽处，禅房花木深。""",0.176192677
"""山光悦鸟性，潭影空人心。""",0.694349583
"""万籁此俱寂，惟馀钟磬音。""",0.215437861
"""联步趋丹陛，分曹限紫微。""",0.697404031
"""晓随天仗入，暮惹御香归。""",0.00646229
"""白发悲花落，青云羡鸟飞。""",0.06070719
"""圣朝无阙事，自觉谏书稀。""",0.585179071
"""吾爱孟夫子，风流天下闻。""",0.716279639
"""红颜弃轩冕，白首卧松云。""",0.664344231
"""醉月频中圣，迷花不事君。""",0.578378014
"""高山安可仰，徒此挹清芬。""",0.11439307
"""渡远荆门外，来从楚国游。""",0.675301079
"""山随平野尽，江入大荒流。""",0.524234392
"""月下飞天镜，云生结海楼。""",0.925753347
"""仍怜故乡水，万里送行舟。""",0.826948838
"""青山横北郭，白水绕东城。""",0.179508552
"""此地一为别，孤蓬万里征。""",0.663479156
"""浮云游子意，落日故人情。""",0.594899176
"""挥手自兹去，萧萧班马鸣。""",0.763518459
"""蜀僧抱绿绮，西下峨眉峰。""",0.295451629
"""为我一挥手，如听万壑松。""",0.280907432
"""客心洗流水，馀响入霜钟。""",0.219049317
"""不觉碧山暮，秋云暗几重。""",0.452387059
"""牛渚西江夜，青天无片云。""",0.01471717
"""登舟望秋月，空忆谢将军。""",0.345340321
"""余亦能高咏，斯人不可闻。""",0.348388305
"""明朝挂帆席，枫叶落纷纷。""",0.485366327
"""今夜［鹿阝］州月，闺中只独看。""",0.880759469
"""遥怜小儿女，未解忆长安。""",0.421076722
"""香雾云鬟湿，清辉玉臂寒。""",0.535639286
"""何时倚虚幌，双照泪痕干？""",0.294675128
"""国破山河在，城春草木深。""",0.263998026
"""感时花溅泪，恨别鸟惊心。""",0.870014953
"""烽火连三月，家书抵万金。""",0.230492738
"""白头搔更短，浑欲不胜簪。""",0.177737569
"""花隐掖垣暮，啾啾栖鸟过。""",0.22732655
"""星临万户动，月傍九霄多。""",0.938573498
"""不寝听金钥，因风想玉珂。""",0.720717235
"""明朝有封事，数问夜如何？""",0.929401644
"""故别，因出此门。有悲往事。""",0.438803859
"""此道昔归顺，西郊胡正繁。""",0.34138147
"""至今残破胆，应有未招魂。""",0.08252783
"""近得归京邑，移官岂至尊？""",0.103781005
"""无才日衰老，驻马望千门。""",0.493342104
"""戍鼓断人行，秋边一雁声。""",0.750167546
"""露从今夜白，月是故乡明。""",0.758689049
"""有弟皆分散，无家问死生。""",0.518098121
"""寄书长不达，况乃未休兵。""",0.532212185
"""凉风起天末，君子意如何？""",0.744343487
"""鸿雁几时到，江湖秋水多。""",0.934467339
"""文章憎命达，魑魅喜人过。""",0.560155009
"""应共冤魂语，投诗赠汨罗。""",0.314291433
"""远送从此别，青山空复情。""",0.350766125
"""几时杯重把，昨夜月同行。""",0.294994426
"""列郡讴歌惜，三朝出入荣。""",0.274796487
"""将村独归处，寂寞养残生。""",0.065294754
"""他乡复行役，驻马别孤坟。""",0.670794679
"""近泪无干土，低空有断云。""",0.20894499
"""对棋陪谢傅，把剑觅徐君。""",0.588258848
"""唯见林花落，莺啼送客闻。""",0.947184111
"""细草微风岸，危樯独夜舟。""",0.967250327
"""星垂平野阔，月涌大江流。""",0.77740015
"""名岂文章著？官应老病休。""",0.992640676
"""飘飘何所似，天地一沙鸥。""",0.323439797
"""昔闻洞庭水，今上岳阳楼。""",0.384796968
"""吴楚东南坼，乾坤日夜浮。""",0.00672091
"""亲朋无一字，老病有孤舟。""",0.633211329
"""戎马关山北，凭轩涕泗流。""",0.965218269
"""寒山转苍翠，秋水日潺［氵爰］。""",0.53936678
"""倚杖柴门外，临风听暮蝉。""",0.116049044
"""渡头馀落日，墟里上孤烟。""",0.760272873
"""复值接舆醉，狂歌五柳前。""",0.032714579
"""空山新雨后，天气晚来秋。""",0.049267249
"""明月松间照，清泉石上流。""",0.207575699
"""竹喧归浣女，莲动下渔舟。""",0.798020248
"""随意春芳歇，王孙自可留。""",0.436981341
"""清川带长薄，车马去闲闲。""",0.843003088
"""流水如有意，暮禽相与还。""",0.576607068
"""荒城临古渡，落日满秋山。""",0.90508945
"""迢递嵩高下，归来且闭关。""",0.304578691
"""太乙近天都，连山接海隅。""",0.879352925
"""白云回望合，青霭入看无。""",0.413629114
"""分野中峰变，阴晴众壑殊。""",0.501844224
"""欲投人处宿，隔水问樵夫。""",0.843767504
"""晚年惟好静，万事不关心。""",0.409343451
"""自顾无长策，空知返旧林。""",0.773933036
"""松风吹解带，山月照弹琴。""",0.223530804
"""君问穷通理，渔歌入浦深。""",0.054266134
"""不知香积寺，数里入云峰。""",0.40413022
"""古木无人径，深山何处钟？""",0.711845047
"""泉声咽危石，日色冷青松。""",0.385903002
"""薄暮空潭曲，安禅制毒龙。""",0.652675511
"""万壑树参天，千山响杜鹃。""",0.076443262
"""山中一夜雨，树杪百重泉。""",0.926122075
"""汉女输［木童］布，巴人讼芋田。""",0.14087042
"""文翁翻教授，不敢倚先贤。""",0.544339808
"""楚塞三湘接，荆门九派通。""",0.311349869
"""江流天地外，山色有无中。""",0.9567701
"""郡邑浮前浦，波澜动远空。""",0.599678761
"""襄阳好风日，留醉与山翁。""",0.098446283
"""中岁颇好道，晚家南山陲。""",0.730560583
"""兴来美独往，胜事空自知。""",0.388354386
"""行到水穷处，坐看云起时。""",0.478194247
"""偶然值林叟，谈笑无还期。""",0.212469514
"""八月湖水平，涵虚混太清。""",0.066801784
"""气蒸云梦泽，波撼岳阳城。""",0.847612751
"""欲济无舟楫，端居耻圣明。""",0.359048414
"""坐观垂钓者，空有羡鱼情。""",0.831819087
"""人事有代谢，往来成古今。""",0.891243655
"""江山留胜迹，我辈复登临。""",0.978673358
"""水落鱼梁浅，天寒梦泽深。""",0.076477572
"""羊公碑字在，读罢泪沾襟。""",0.561166519
"""林卧愁春尽，开轩览物华。""",0.629367803
"""忽逢青鸟使，邀入赤松家。""",0.152854769
"""丹灶初开火，仙桃正发花。""",0.716405248
"""童颜若可驻，何惜醉流霞！""",0.939146336
"""北阙休上书，南山归敝庐。""",0.633723771
"""不才明主弃，多病故人疏。""",0.181287713
"""白发催年老，青阳逼岁除。""",0.495883831
"""永怀愁不寐，松月夜窗墟。""",0.738703828
"""故人具鸡黍，邀我至田家。""",0.392295771
"""绿树村边合，青山郭外斜。""",0.475805892
"""开轩面场圃，把酒话桑麻。""",0.341385142
"""待到重阳日，还来就菊花。""",0.17157075
"""一丘尝欲卧，三径苦无资。""",0.19849295
"""北土非吾愿，东林怀我师。""",0.492525488
"""黄金燃桂尽，壮志逐年衰。""",0.655530186
"""日夕凉风至，闻蝉但益悲。""",0.815600785
"""山暝听猿愁，沧江急夜流。""",0.135612768
"""风鸣两岸叶，月照一孤舟。""",0.706375188
"""建德非吾土，维扬忆旧游。""",0.395011268
"""还将两行泪，遥寄海西头。""",0.906764555
"""寂寂竟何待，朝朝空自归。""",0.276995666
"""欲寻芳草去，惜与故人违。""",0.830547645
"""当路谁相假，知音世所稀。""",0.492922114
"""只应守寂寞，还掩故园扉。""",0.361573671
"""木落雁南渡，北风江上寒。""",0.823790912
"""我家襄水曲，遥隔楚云端。""",0.846238769
"""乡泪客中尽，孤帆天际看。""",0.019415627
"""迷津欲有问，平海夕漫漫。""",0.30870951
"""古台摇落后，秋日望乡心。""",0.592330869
"""野寺人来少，云峰水隔深。""",0.132836567
"""夕阳依旧垒，寒磬满空林。""",0.370428132
"""惆怅南朝事，长江独至今。""",0.063093505
"""流落征南将，曾驱十万师。""",0.390068451
"""罢归无旧业，老去恋明时。""",0.907745157
"""独立三边静，轻生一剑知。""",0.684972447
"""茫茫江汉上，日暮复何之。""",0.608794524
"""望君烟水阔，挥手泪沾巾。""",0.664360918
"""飞鸟没何处，青山空向人。""",0.809035923
"""长江一帆远，落日五湖春。""",0.613785192
"""谁见汀洲上，相思愁白苹？""",0.875441302
"""一路经行处，莓苔见履痕。""",0.668975791
"""白云依静渚，春草闭闲门。""",0.195087835
"""过雨看松色，随山到水源。""",0.898321287
"""溪花与禅意，相对亦忘言。""",0.936396323
"""乡心新岁切，天畔独潸然。""",0.600044559
"""老至居人下，春归在客先。""",0.552066938
"""岭猿同旦暮，江柳共风烟。""",0.481514705
"""已似长沙傅，从今又几年？""",0.079235903
"""上国随缘住，来途若梦行。""",0.158573341
"""浮天沧海远，去世法舟轻。""",0.78742232
"""水月通禅寂，鱼龙听梵声。""",0.961154357
"""惟怜一灯影，万里眼中明。""",0.540143841
"""泉壑带茅茨，云霞生薜帷。""",0.387244165
"""竹怜新雨后，山爱夕阳时。""",0.355419507
"""闲鹭栖常早，秋花落更迟。""",0.28965462
"""家童扫萝径，昨与故人期。""",0.840927016
"""江汉曾为客，相逢每醉还。""",0.075601181
"""浮云一别后，流水十年间。""",0.307296825
"""欢笑情如旧，萧疏鬓已斑。""",0.58380847
"""何因北归去，淮上对秋山。""",0.221768075
"""楚江微雨里，建业暮钟时。""",0.090355372
"""漠漠帆来重，冥冥鸟去迟。""",0.881888159
"""海门深不见，浦树远含滋。""",0.708515284
"""相送情无限，沾襟比散丝。""",0.439439297
"""长簟迎风早，空城澹月华。""",0.443593519
"""星河秋一雁，砧杵夜千家。""",0.658951625
"""节候看应晚，心期卧亦赊。""",0.728377223
"""向来吟秀句，不觉已鸣鸦。""",0.324645879
"""道由白云尽，春与青溪长。""",0.832605293
"""时有落花至，远隋流水香。""",0.819335059
"""闲门向山路，深柳读书堂。""",0.123154502
"""幽映每白日，清辉照衣裳。""",0.200740258
"""天秋月又满，城阙夜千重。""",0.904175625
"""还作江南会，翻疑梦里逢。""",0.263233595
"""风枝惊暗鹊，露草覆寒虫。""",0.51780531
"""羁旅长堪醉，相留畏晓钟。""",0.972676521
"""故关衰草遍，离别正堪悲！""",0.246930473
"""路出寒云外，人归暮雪时。""",0.715809137
"""少孤为客早，多难识君迟。""",0.934837912
"""掩泪空相向，风尘何处期？""",0.892985854
"""十年离乱后，长大一相逢。""",0.531702464
"""问姓惊初见，称名忆旧容。""",0.675517138
"""别来沧海事，语罢暮天钟。""",0.610452754
"""明日巴陵道，秋山又几重。""",0.373187554
"""故人江海别，几度隔山川。""",0.953721082
"""乍见翻疑梦，相悲各问年。""",0.541403828
"""孤灯寒照雨，深竹暗浮烟。""",0.190935321
"""更有明朝恨，离杯惜共传。""",0.984258814
"""静夜四无邻，荒居旧业贫。""",0.361603556
"""雨中黄叶树，灯下白头人。""",0.885646204
"""以我独沉久，愧君相访频。""",0.410844328
"""平生自有分，况是蔡家亲！""",0.983543737
"""世乱同南去，时清独北还。""",0.875810734
"""他乡生白发，旧国见青山。""",0.030135903
"""晓月过残垒，繁星宿故关。""",0.459051179
"""寒禽与衰草，处处伴愁颜。""",0.066178184
"""天地英雄气，千秋尚凛然！""",0.219429396
"""势分三足鼎，业复五铢钱。""",0.208925448
"""得相能开国，生儿不象贤。""",0.386251559
"""凄凉蜀故妓，来舞魏宫前。""",0.922284315
"""前年伐月支，城下没全师。""",0.661589391
"""蕃汉断消息，死生长别离。""",0.470252274
"""无人收废帐，归马识残旗。""",0.58125147
"""欲祭疑君在，天涯哭此时。""",0.677809158
"""离离原上草，一岁一枯荣。""",0.053221226
"""野火烧不尽，春风吹又生。""",0.042961841
"""远芳侵古道，晴翠接荒城。""",0.94635104
"""又送王孙去，萋萋满别情。""",0.305893633
"""旅馆无良伴，凝情自悄然。""",0.928337107
"""寒灯思旧事，断雁警愁眠。""",0.256035868
"""远梦归侵晓，家书到隔年。""",0.285682435
"""沧江好烟月，门系钓鱼船。""",0.161995991
"""红叶晚萧萧，长亭酒一瓢。""",0.687620763
"""残云归太华，疏雨过中条。""",0.160889351
"""树色随山迥，河声入海遥。""",0.094249806
"""帝乡明日到，犹自梦渔樵。""",0.012281634
"""遥夜泛清瑟，西风生翠萝。""",0.522357337
"""残萤栖玉露，早雁拂银河。""",0.009712257
"""高树晓还密，远山晴更多。""",0.615097019
"""淮南一叶下，自觉老烟波。""",0.587380247
"""本以高难饱，徒劳恨费声。""",0.40561083
"""五更疏欲断，一树碧无情。""",0.858358669
"""薄宦梗犹泛，故园芜已平。""",0.891273595
"""烦君最相警，我亦举家清。""",0.130977168
"""凄凉宝剑篇，羁泊欲穷年。""",0.557422401
"""黄叶仍风雨，青楼自管弦。""",0.037400566
"""新知遭薄俗，旧好隔良缘。""",0.471556105
"""心断新丰酒，销愁斗几千。""",0.980979311
"""高阁客竟去，小园花乱飞。""",0.908298841
"""参差连曲陌，迢递送斜晖。""",0.545774584
"""肠断未忍扫，眼穿仍欲归。""",0.432203784
"""芳心向春尽，所得是沾衣。""",0.522212815
"""客去波平槛，蝉休露满枝。""",0.862137893
"""永怀当此节，倚立自移时。""",0.395296
"""北斗兼春远，南陵寓使迟。""",0.600359541
"""天涯占梦数，疑误有新知。""",0.74041219
"""残阳西入崦，茅屋访孤僧。""",0.020187751
"""落叶人何在？寒云路几层？""",0.280750626
"""独敲初夜磬，闲倚一枝藤。""",0.478382706
"""世界微尘里，吾宁爱与憎。""",0.102787238
"""荒戍落黄叶，浩然离故关。""",0.993325986
"""高风汉阳渡，初日郢门山。""",0.611494278
"""江上几人在？天涯孤棹还。""",0.080791452
"""何当重相见，樽酒慰离颜？""",0.640699948
"""灞原风雨定，晚见雁行频。""",0.416048147
"""落叶他乡树，寒灯独夜人。""",0.825761369
"""空园白露滴，孤壁野僧邻。""",0.09476204
"""寄卧郊扉久，何年致此身？""",0.641770527
"""露气寒光集，微阳下楚丘。""",0.596528276
"""猿啼洞庭树，人在木兰舟。""",0.105588039
"""广泽生明月，苍山夹乱流。""",0.600899963
"""云中君不见，竟夕自悲秋。""",0.552842518
"""调角断清秋，征人倚戍楼。""",0.969876494
"""春风对青冢，白日落梁州。""",0.041907873
"""大漠无兵阻，穷边有客游。""",0.521173579
"""蕃情似此水，长愿向南流。""",0.991966812
"""迢递三巴路，羁危万里身。""",0.584094348
"""乱山残雪夜，孤独异乡春。""",0.587230938
"""渐与骨肉远，转於僮仆亲。""",0.581538226
"""那堪正飘泊，明日岁华新。""",0.950816025
"""几行归塞尽，片影独何之？""",0.586269677
"""暮雨相呼失，寒塘欲下迟。""",0.403998998
"""渚云低暗渡，关月冷相随。""",0.284975332
"""未必逢［矢曾］缴，孤飞自可疑。""",0.932418971
"""早被婵娟误，欲妆临镜慵。""",0.454693702
"""承恩不在貌，教妾若为容。""",0.278857578
"""风暖鸟声碎，日高花影重。""",0.868725984
"""年年越溪女，相忆采芙蓉。""",0.088928616
"""清瑟怨遥夜，绕弦风雨哀。""",0.196357208
"""孤灯闻楚角，残月下章台。""",0.932577962
"""芳草已云暮，故人殊未来。""",0.943158798
"""乡书不可寄，秋雁又南回。""",0.78274185
"""移家虽带郭，野径入桑麻。""",0.554196477
"""近种篱边菊，秋来未著花。""",0.511602012
"""扣门无犬吠，欲去问西家。""",0.519708262
"""报到山中去，归来每日斜。""",0.1463922
"""昔人已乘黄鹤去，此地空馀黄鹤楼。""",0.744509808
"""黄鹤一去不复返，白云千载空悠悠。""",0.705379292
"""晴川历历汉阳树，芳草萋萋鹦鹉洲。""",0.12345792
"""日暮乡关何处是，烟波江上使人愁。""",0.759410297
"""迢□（“绕”换山旁）太华俯咸京，天外三峰削不成。""",0.621064979
"""武帝祠前云欲散，仙人掌上雨初晴。""",0.250630533
"""河山北枕秦关险，驿树西连汉［田寺］平。""",0.85632069
"""借问路傍名利客，无如此处学长生。""",0.090285444
"""燕台一去客心惊，箫鼓喧喧汉将营。""",0.279140638
"""万里寒光生积雪，三边曙色动危旌。""",0.98323053
"""沙场烽火侵胡月，海畔云山拥蓟城。""",0.001240614
"""少小虽非投笔吏，论功还欲请长缨。""",0.380379227
"""朝闻游子唱骊歌，昨夜微霜初度河。""",0.003355104
"""鸿雁不堪愁里听，云山况是客中过。""",0.393613397
"""关城树色催寒近，御苑砧声向晚多。""",0.849717228
"""莫见长安行乐处，空令岁月易蹉跎。""",0.316615796
"""汉文皇帝有高台，此日登临曙色开。""",0.204285742
"""三晋云山皆北向，二陵风雨自东来。""",0.878400411
"""关门令尹谁能识？河上仙翁去不回。""",0.819612418
"""且欲竟寻彭泽宰，陶然共醉菊花杯。""",0.682563186
"""嗟君此别意何如？驻马衔杯问谪居。""",0.872656468
"""巫峡啼猿数行泪，衡阳归雁几封书。""",0.428201352
"""青枫江上秋帆远，白帝城边古木疏。""",0.161177677
"""圣代即今多雨露，暂时分手莫踌躇。""",0.532090588
"""鸡鸣紫陌曙光寒，莺啭皇州春色阑。""",0.74615625
"""金阙晓钟开万户，玉阶仙仗拥千官。""",0.520857505
"""花迎剑佩星初落，柳拂旌旗露未干。""",0.243925292
"""独有凤凰池上客，阳春一曲和皆难。""",0.515690933
"""绛帻鸡人送晓筹，尚衣方进翠云裘。""",0.050721932
"""九天阊阖开宫殿，万国衣冠拜冕旒。""",0.521603524
"""日色才临仙掌动，香烟欲傍衮龙浮。""",0.410920597
"""朝罢须裁五色诏，佩声归向凤池头。""",0.054967967
"""渭水自萦秦塞曲，黄山旧绕汉宫斜。""",0.264967245
"""銮舆迥出千门柳，阁道回看上苑花。""",0.239304741
"""云里帝城双凤阙，雨中春树万人家。""",0.156397518
"""为乘阳气行时令，不是宸游玩物华。""",0.147377117
"""积雨空林烟火迟，蒸藜炊黍饷东□（“淄”去三点水加草头）。""",0.740615197
"""漠漠水田飞白鹭，阴阴夏木啭黄鹂。""",0.138424547
"""山中习静观朝槿，松下清斋折露葵。""",0.722063046
"""野老与人争席罢，海鸥何事更相疑。""",0.664771929
"""洞门高阁霭馀辉，桃李阴阴柳絮飞。""",0.694945993
"""禁里疏钟官舍晚，省中啼鸟吏人稀。""",0.68301706
"""晨摇玉佩趋金殿，夕奉天书拜琐闱。""",0.639519303
"""强欲从君无那老，将因卧病解朝衣。""",0.146539201
"""丞相祠堂何处寻？锦官城外柏森森。""",0.998701982
"""映阶碧草自春色，隔叶黄鹂空好音。""",0.736210212
"""三顾频烦天下计，两朝开济老臣心。""",0.338274728
"""出师未捷身先死，长使英雄泪满襟！""",0.16791232
"""舍南舍北皆春水，但见群鸥日日来。""",0.642372816
"""花径不曾缘客扫，蓬门今始为君开。""",0.904869903
"""盘飧市远无兼味，樽酒家贫只旧醅。""",0.494872281
"""肯与邻翁相对饮，隔篱呼取尽馀杯！""",0.911826205
"""西山白雪三城戍，南浦清江万里桥。""",0.788539999
"""海内风尘诸弟隔，天涯涕泪一身遥。""",0.023552612
"""唯将迟暮供多病，未有涓埃答圣朝。""",0.665202658
"""跨马出郊时极目，不堪人事日萧条！""",0.637808269
"""剑外忽传收蓟北，初闻涕泪满衣裳。""",0.466669602
"""却看妻子愁何在，漫卷诗书喜欲狂。""",0.015733436
"""白日放歌须纵酒，青春作伴好还乡！""",0.631629423
"""即从巴峡穿巫峡，便下襄阳向洛阳。""",0.950210851
"""风急天高猿啸哀，渚清沙白鸟飞回。""",0.316514413
"""无边落木萧萧下，不尽长江滚滚来。""",0.822075993
"""万里悲秋常作客，百年多病独登台。""",0.185405198
"""艰难苦恨繁霜鬓，潦倒新停浊酒杯。""",0.308243192
"""花近高楼伤客心，万方多难此登临。""",0.425364418
"""锦江春色来天地，玉垒浮云变古今。""",0.427021415
"""北极朝庭终不改，西山寇盗莫相侵！""",0.757444055
"""可怜后主还祠庙，日暮聊为梁父吟。""",0.56593641
"""清秋幕府井梧寒，独宿江城蜡炬残。""",0.392470998
"""永夜角声悲自语，中天月色好谁看？""",0.04863583
"""风尘荏苒音书绝，关塞萧条行陆难。""",0.598335535
"""已忍伶俜十年事，强移栖息一枝安。""",0.110776649
"""岁暮阴阳催短景，天涯霜雪霁寒霄。""",0.108290814
"""五更鼓角声悲壮，三峡星河影动摇。""",0.16012504
"""野哭千家闻战伐，夷歌数处起渔樵。""",0.83549913
"""卧龙跃马终黄土，人事音书漫寂寥。""",0.707270893
"""支离东北风尘际，漂泊西南天地间。""",0.83436514
"""三峡楼台淹日月，五溪衣服共云山。""",0.832378355
"""羯胡事主终无赖，词客哀时且未还。""",0.125990729
"""庾信平生最萧瑟，暮年诗赋动江关。""",0.131899329
"""摇落深知宋玉悲，风流儒雅亦吾师。""",0.922890032
"""怅望千秋一洒泪，萧条异代不同时。""",0.278273811
"""江山故宅空文藻，云雨荒台岂梦思！""",0.080275994
"""最是楚宫俱泯灭，舟人指点到今疑。""",0.660168624
"""群山万壑赴荆门，生长明妃尚有村。""",0.842662097
"""一去紫台连朔漠，独留青冢向黄昏。""",0.679850727
"""画图省识春风面，环佩空归月下魂。""",0.755553421
"""千载琵琶作胡语，分明怨恨曲中论。""",0.409139999
"""蜀主征吴幸三峡，崩年亦在永安宫。""",0.501089727
"""翠华想像空山里，玉殿虚无野寺中。""",0.02902529
"""古庙杉松巢水鹤，岁时伏腊走村翁。""",0.67818708
"""武侯祠屋常邻近，一体君臣祭祀同。""",0.598600439
"""诸葛大名垂宇宙，宗臣遗像肃清高。""",0.341098741
"""三分割据纡筹策，万古云霄一羽毛。""",0.796742661
"""伯仲之间见伊吕，指挥若定失萧曹。""",0.971057962
"""运移汉祚终难复，志决身歼军务劳。""",0.929464809
"""生涯岂料承优诏？世事空知学醉歌。""",0.267623547
"""江上月明胡雁过，淮南木落楚山多。""",0.954298725
"""寄身且喜沧洲近，顾影无如白发何！""",0.870539379
"""今日龙钟人共老，愧君犹遣慎风波。""",0.902269478
"""三年谪宦此栖迟，万古惟留楚客悲。""",0.946729135
"""秋草独寻人去后，寒林空见日斜时。""",0.925091651
"""汉文有道恩犹薄，湘水无情吊岂知？""",0.494905715
"""寂寂江山摇落处，怜君何事到天涯！""",0.49470222
"""汀洲无浪复无烟，楚客相思益渺然。""",0.448759212
"""汉口夕阳斜渡鸟，洞庭秋水远连天。""",0.833361147
"""孤城背岭寒吹角，独戍临江夜泊船。""",0.206230122
"""贾谊上书忧汉室，长沙谪去古今怜。""",0.082462515
"""二月黄鹂飞上林，春城紫禁晓阴阴。""",0.976169514
"""长乐钟声花外尽，龙池柳色雨中深。""",0.655772308
"""阳和不散穷途恨，霄汉长怀捧日心。""",0.665889976
"""献赋十年犹未遇，羞将白发对华簪。""",0.806690148
"""去年花里逢君别，今日花开又一年。""",0.102657564
"""世事茫茫难自料，春愁黯黯独成眠。""",0.252034635
"""身多疾病思田里，邑有流亡愧俸钱。""",0.126652806
"""闻道欲来相问讯，西楼望月几回圆？""",0.974634641
"""仙台初见五城楼，风物凄凄宿雨收。""",0.554273566
"""山色遥连秦树晚，砧声近报汉宫秋。""",0.36851899
"""疏松影落空坛静，细草香闲小洞幽。""",0.573355136
"""何用别寻方外去，人间亦自有丹丘！""",0.398765984
"""莺啼燕语报新年，马邑龙堆路几千。""",0.838688277
"""家住层城邻汉苑，心随明月到胡天。""",0.484330261
"""机中锦字论长恨，楼上花枝笑独眠。""",0.381906032
"""为问天戎窦车骑，何时返旆勒燕然？""",0.335178733
"""云开远见汉阳城，犹是孤帆一日程。""",0.492809301
"""估客昼眠知浪静，舟人夜语觉潮生。""",0.390141081
"""三湘愁鬓逢秋色，万里归心对月明。""",0.809004832
"""旧业已随征战尽，更堪江上鼓鼙声。""",0.438519068
"""城上高楼接大荒，海天愁思正茫茫。""",0.671677659
"""惊风乱［风占）芙蓉水，密雨斜侵薜荔墙。""",0.637774759
"""岭树重遮千里目，江流曲似九回肠。""",0.577348571
"""共来百越文身地，犹自音书滞一乡。""",0.293947289
"""王浚楼船下益州，金陵王气黯然收。""",0.717844573
"""千寻铁锁沈江底，一片降幡出石头。""",0.42693242
"""人世几回伤往事？山形依旧枕寒流。""",0.500117333
"""从今四海为家日，故垒萧萧芦荻秋。""",0.827656436
"""谢公最小偏怜女，自嫁黔娄百事乖。""",0.241567776
"""顾我无衣搜荩箧，泥他沽酒拔金钗。""",0.310417683
"""野蔬充膳甘长藿，落叶添薪仰古槐。""",0.108471467
"""今日俸钱过十万，与君营奠复营斋。""",0.41393492
"""昔日戏言身后事，今朝都到眼前来。""",0.562681368
"""衣裳已施行看尽，针线犹存未忍开。""",0.593074572
"""尚想旧情怜婢仆，也曾因梦送钱财。""",0.675097118
"""诚知此恨人人有，贫贱夫妻百事哀。""",0.008471981
"""闲坐悲君亦自悲，百年都是几多时？""",0.587609444
"""邓攸无子寻知命，潘岳悼亡犹费词。""",0.50139991
"""同穴□（上“穴”下“目”）冥何所望，他生缘会更难期。""",0.29518042
"""惟将终夜长开眼，报答平生未展眉。""",0.18982861
"""，寄上浮梁大兄，于潜七兄，乌江十五兄，兼示符离及下［圭阝］弟妹。""",0.877298279
"""时难年荒世业空，弟兄羁旅各西东。""",0.381403287
"""田园寥落干戈后，骨肉流离道路中。""",0.469339336
"""吊影分为千里雁，辞根散作九秋蓬。""",0.658264797
"""共看明月应垂泪，一夜乡心五处同。""",0.112880575
"""锦瑟无端五十弦，一弦一柱思华年。""",0.384902014
"""庄生晓梦迷蝴蝶，望帝春心托杜鹃。""",0.66005414
"""沧海月明珠有泪，蓝田日暖玉生烟。""",0.604087948
"""此情可待成追忆，只是当时已惘然。""",0.302993307
"""昨夜星辰昨夜风，画楼西畔桂堂东。""",0.917831883
"""身无彩凤双飞翼，心有灵犀一点通。""",0.108748736
"""隔座送钩春酒暖，分曹射覆蜡灯红。""",0.973117973
"""嗟余听鼓应官去，走马兰台类转蓬。""",0.361074417
"""紫泉宫殿锁烟霞，欲取芜城作帝家。""",0.877137497
"""玉玺不缘归日角，锦帆应是到天涯。""",0.506997037
"""於今腐草无萤火，终古垂杨有暮鸦。""",0.561954454
"""地下若逢陈后主，岂宜重问后庭花？""",0.04300418
"""来是空言去绝踪，月斜楼上五更钟。""",0.854848876
"""梦为远别啼难唤，书被催成墨未浓。""",0.090790395
"""蜡照半笼金翡翠，麝熏微度绣芙蓉。""",0.18822953
"""刘郎已恨蓬山远，更隔蓬山一万重。""",0.936041899
"""飒飒东风细雨来，芙蓉塘外有轻雷。""",0.533340628
"""金蟾啮锁烧香入，玉虎牵丝汲井回。""",0.31036567
"""贾氏窥帘韩掾少，宓妃留枕魏王才。""",0.586397426
"""春心莫共花争发，一寸相思一寸灰。""",0.744208514
"""猿鸟犹疑畏简书，风云常为护储胥。""",0.736708973
"""徒令上将挥神笔，终见降王走传车。""",0.716262639
"""管乐有才原不忝，关张无命欲何如。""",0.614335626
"""他年锦里经祠庙，梁父吟成恨有馀。""",0.271730739
"""相见时难别亦难，东风无力百花残。""",0.932932596
"""春蚕到死丝方尽，蜡炬成灰泪始干。""",0.273710594
"""晓镜但愁云鬓改，夜吟应觉月光寒。""",0.225586421
"""蓬莱此去无多路，青鸟殷勤为探看。""",0.636327297
"""怅卧新春白袷衣，白门寥落意多违。""",0.527351477
"""红楼隔雨相望冷，珠箔飘灯独自归。""",0.867711799
"""远路应悲春［日宛］晚，残宵犹得梦依稀。""",0.770717501
"""玉［王当］缄札何由达？万里云罗一雁飞。""",0.72487631
"""凤尾香罗薄几重，碧文圆顶夜深缝。""",0.545922752
"""扇裁月魄羞难掩，车走雷声语未通。""",0.701521069
"""曾是寂寥金烬暗，断无消息石榴红。""",0.041338779
"""斑骓只系垂杨岸，何处西南任好风？""",0.097444243
"""重帷深下莫愁堂，卧后清宵细细长。""",0.529560378
"""神女生涯原是梦，小姑居处本无郎。""",0.404527763
"""风波不信菱枝弱，月露谁教桂叶香？""",0.504776743
"""直道相思了无益，未妨惆怅是清狂。""",0.653697792
"""澹然空水对斜晖，曲岛苍茫接翠微。""",0.079262258
"""波上马嘶看棹去，柳边人歇待船归。""",0.905397125
"""数丛沙草群鸥散，万顷江田一鹭飞。""",0.127521569
"""谁解乘舟寻范蠡，五湖烟水独忘机？""",0.179443907
"""苏武魂销汉使前，古祠高树两茫然。""",0.188160658
"""云边雁断胡天月，陇上羊归塞草烟。""",0.894206901
"""回日楼台非甲帐，去时冠剑是丁年。""",0.719538719
"""茂陵不见封侯印，空向秋波哭逝川。""",0.98807669
"""十二楼中尽晓妆，望仙楼上望君王。""",0.843055322
"""锁衔金兽连环冷，水滴铜龙昼漏长。""",0.596346223
"""云髻罢梳还对镜，罗衣欲换更添香。""",0.475718369
"""遥窥正殿帘开处，袍裤宫人扫御床。""",0.391999271
"""蓬门未识绮罗香，拟托良媒益自伤。""",0.681632077
"""谁爱风流高格调？共怜时世俭梳妆。""",0.803592206
"""敢将十指夸针巧，不把双眉斗画长。""",0.507353764
"""苦恨年年压金线，为他人作嫁衣裳。""",0.943470784
"""卢家少妇郁金香，海燕双栖玳瑁梁。""",0.964358311
"""九月寒砧催木叶，十年征戍忆辽阳。""",0.628389973
"""白狼河北音书断，丹凤城南秋夜长。""",0.75465381
"""谁为含愁独不见，更教明月照流黄？""",0.368901993
"""空山不见人，但闻人语响。""",0.919931523
"""返景入深林，复照青苔上。""",0.192253657
"""独坐幽篁里，弹琴复长啸。""",0.264657289
"""深林人不知，明月来相照。""",0.552493759
"""山中相送罢，日暮掩柴扉。""",0.720491042
"""春草明年绿，王孙归不归？""",0.803627487
"""红豆生南国，春来发几枝？""",0.145874532
"""愿君多采撷，此物最相思。""",0.580925429
"""君自故乡来，应知故乡事。""",0.248518057
"""来日绮窗前，寒梅著花未？""",0.983378748
"""归山深浅去，须尽丘壑美。""",0.736858636
"""莫学武陵人，暂游桃源里。""",0.737048874
"""终南阴岭秀，积雪浮云端。""",0.777227731
"""林表明霁色，城中增暮寒。""",0.351509169
"""移舟泊烟渚，日暮客愁新。""",0.288490467
"""野旷天低树，江清月近人。""",0.234468606
"""春眠不觉晓，处处闻啼鸟。""",0.944386316
"""夜来风雨声，花落知多少？""",0.152285983
"""床前明月光，疑是地上霜。""",0.859555583
"""举头望明月，低头思故乡。""",0.76220695
"""美人卷珠帘，深坐蹙蛾眉。""",0.447646698
"""但见泪痕湿，不知心恨谁？""",0.704852412
"""功盖三分国，名成八阵图。""",0.42700143
"""江流石不转，遗恨失吞吴。""",0.982536682
"""白日依山尽，黄河入海流。""",0.431941687
"""欲穷千里目，更上一层楼。""",0.095041099
"""苍苍竹林寺，杳杳钟声晚。""",0.975090471
"""荷笠带斜阳，青山独归远。""",0.942322669
"""泠泠七弦上，静听松风寒。""",0.007113422
"""古调虽自爱，今人多不弹。""",0.179319321
"""孤云将野鹤，岂向人间住！""",0.36211453
"""莫买沃洲山，时人已知处。""",0.221845264
"""怀君属秋夜，散步咏凉天。""",0.344810865
"""空山松子落，幽人应未眠。""",0.277316933
"""鸣筝金粟柱，素手玉房前。""",0.05469624
"""欲得周郎顾，时时误拂弦。""",0.529953936
"""三日入厨下，洗手作羹汤。""",0.641950607
"""未谙姑食性，先遣小姑尝。""",0.847963521
"""昨夜裙带解，今朝［虫喜］子飞。""",0.899368113
"""铅华不可弃，莫是藁砧归。""",0.832094055
"""千山鸟飞绝，万径人踪灭。""",0.42873299
"""孤舟蓑笠翁，独钓寒江雪。""",0.2109244
"""寥落古行宫，宫花寂寞红。""",0.562693612
"""白头宫女在，闲坐说玄宗。""",0.130452524
"""绿蚁新醅酒，红泥小火炉。""",0.57552043
"""晚来天欲雪，能饮一杯无？""",0.47309084
"""故国三千里，深宫二十年。""",0.814289965
"""一声何满子，双泪落君前。""",0.320059337
"""向晚意不适，驱车登古原。""",0.328362404
"""夕阳无限好，只是近黄昏。""",0.121695619
"""松下问童子，言师采药去。""",0.311854438
"""只在此山中，云深不知处。""",0.028864176
"""岭外音书绝，经冬复立春。""",0.637251142
"""近乡情更怯，不敢问来人。""",0.658542221
"""打起黄莺儿，莫教枝上啼。""",0.1315896
"""啼时惊妾梦，不得到辽西。""",0.48299164
"""北斗七星高，哥舒夜带刀。""",0.556212713
"""至今窥牧马，不敢过临洮。""",0.580016417
"""君家何处住，妾住在横塘。""",0.234871403
"""停船暂借问，或恐是同乡。""",0.326380872
"""家临九江水，来去九江侧。""",0.995342662
"""同是长干人，生小不相识。""",0.957642373
"""玉阶生白露，夜久侵罗袜。""",0.143987406
"""却下水晶帘，玲珑望秋月。""",0.072887917
"""鹫翎金仆姑，燕尾绣蝥弧。""",0.370289539
"""独立扬新令，千营共一呼。""",0.086423897
"""林暗草惊风，将军夜引弓。""",0.718129928
"""平明寻白羽，没在石棱中。""",0.197270144
"""月黑雁飞高，单于夜遁逃。""",0.484758915
"""欲将轻骑逐，大雪满弓刀。""",0.561983069
"""野幕蔽琼筵，羌戎贺劳旋。""",0.902765109
"""醉和金甲舞，雷鼓动山川。""",0.860830044
"""嫁得瞿塘贾，朝朝误妾期。""",0.119313829
"""早知潮有信，嫁与弄潮儿。""",0.516940143
"""少小离家老大回，乡音无改鬓毛衰。""",0.101336786
"""儿童相见不相识，笑问客从何处来？""",0.449173727
"""隐隐飞桥隔野烟，石矶西畔问渔船。""",0.385836879
"""桃花尽日随流水，洞在清溪何处边？""",0.333919716
"""独在异乡为异客，每逢佳节倍思亲。""",0.588770619
"""遥知兄弟登高处，遍插茱萸少一人。""",0.107216177
"""寒雨连江夜入吴，平明送客楚山孤。""",0.269590165
"""洛阳亲友如相问，一片冰心在玉壶。""",0.209352799
"""闺中少妇不知愁，春日凝妆上翠楼。""",0.277495646
"""忽见陌头杨柳色，悔教夫婿觅封侯。""",0.46227922
"""昨夜风开露井桃，未央前殿月轮高。""",0.220848474
"""平阳歌舞新承宠，帘外春寒赐锦袍。""",0.899129
"""葡萄美酒夜光杯，欲饮琵琶马上催。""",0.251463095
"""醉卧沙场君莫笑，古来征战几人回！""",0.244895906
"""故人西辞黄鹤楼，烟花三月下扬州。""",0.919294208
"""孤帆远影碧空尽，惟见长江天际流。""",0.523147123
"""朝辞白帝彩云间，千里江陵一日还。""",0.542090788
"""两岸猿声啼不住，轻舟已过万重山。""",0.077628142
"""故园东望路漫漫，双袖龙钟泪不干。""",0.813361912
"""马上相逢无纸笔，凭君传语报平安。""",0.562133153
"""岐王宅里寻常见，崔九堂前几度闻。""",0.312951478
"""正是江南好风景，落花时节又逢君。""",0.700959405
"""独怜幽草涧边生，上有黄鹂深树鸣。""",0.161076775
"""春潮带雨晚来急，野渡无人舟自横。""",0.786714789
"""月落乌啼霜满天，江枫渔火对愁眠。""",0.072240551
"""姑苏城外寒山寺，夜半钟声到客船。""",0.141368854
"""春城无处不飞花，寒食东风御柳斜。""",0.09490403
"""日暮汉宫传蜡烛，轻烟散入五侯家。""",0.820376748
"""更深月色半人家，北斗阑干南斗斜。""",0.910153366
"""今夜偏知春气暖，虫声新透绿窗纱。""",0.88922194
"""纱窗日落渐黄昏，金屋无人见泪痕。""",0.019063274
"""寂寞空庭春欲晚，梨花满地不开门。""",0.407275976
"""岁岁金河复玉关，朝朝马策与刀环。""",0.280146165
"""三春白雪归青冢，万里黄河绕黑山。""",0.241265097
"""玉楼天半起笙歌，风送宫嫔笑语和。""",0.901918719
"""月殿影开闻夜漏，水晶帘卷近秋河。""",0.445547002
"""回乐峰前沙似雪，受降城外月如霜。""",0.491324029
"""不知何处吹芦管，一夜征人尽望乡。""",0.569601438
"""朱雀桥边野草花，乌衣巷口夕阳斜。""",0.895046942
"""旧时王谢堂前燕，飞入寻常百姓家。""",0.163585145
"""新妆宜面下朱楼，深锁春光一院愁。""",0.802931146
"""行到中庭数花朵，蜻蜓飞上玉搔头。""",0.07774339
"""泪湿罗巾梦不成，夜深前殿按歌声。""",0.215566429
"""红颜未老恩先断，斜倚薰笼坐到明。""",0.173080401
"""禁门宫树月痕过，媚眼惟看宿鹭窠。""",0.264123946
"""斜拔玉钗灯影畔，剔开红焰救飞蛾。""",0.614729866
"""日光斜照集灵台，红树花迎晓露开。""",0.885848594
"""昨夜上皇新授□（“录”加竹头），太真含笑入帘来。""",0.639695627
"""虢国夫人承主恩，平明骑马入宫门。""",0.396365679
"""却嫌脂粉污颜色，淡扫蛾眉朝至尊。""",0.719836958
"""金陵津渡小山楼，一宿行人自可愁。""",0.072263355
"""潮落夜江斜月里，两三星火是瓜州。""",0.891796295
"""寂寂花时闭院门，美人相并立琼轩。""",0.999874163
"""含情欲说宫中事，鹦鹉前头不敢言。""",0.93267974
"""洞房昨夜停红烛，待晓堂前拜舅姑。""",0.791890264
"""妆罢低声问夫婿，画眉深浅入时无？""",0.03494116
"""清时有味是无能，闲爱孤云静爱僧。""",0.875098047
"""欲把一麾江海去，乐游原上望昭陵。""",0.839023328
"""折戟沈沙铁未销，自将磨洗认前朝。""",0.061184521
"""东风不与周郎便，铜雀春深销二乔。""",0.063963915
"""烟笼寒水月笼沙，夜泊秦淮近酒家。""",0.579764927
"""商女不知亡国恨，隔江犹唱《后庭花》。""",0.228433237
"""青山隐隐水迢迢，秋尽江南草未凋。""",0.914733331
"""二十四桥明月夜，玉人何处教吹箫？""",0.832660259
"""落魄江湖载酒行，楚腰纤细掌中轻。""",0.593120898
"""十年一觉扬州梦，赢得青楼薄幸名。""",0.889662709
"""银烛秋光冷画屏，轻罗小扇扑流萤。""",0.096721044
"""天阶夜色凉如水，坐看牵牛织女星。""",0.35335788
"""娉娉袅袅十三馀，豆蔻梢头二月初。""",0.308289757
"""春风十里扬州路，卷上珠帘总不如。""",0.921159599
"""多情却似总无情，唯觉樽前笑不成。""",0.418162501
"""蜡烛有心还惜别，替人垂泪到天明。""",0.493320079
"""繁华事散逐香尘，流水无情草自春。""",0.195815402
"""日暮东风怨啼鸟，落花犹似坠楼人。""",0.220946906
"""君问归期未有期，巴山夜雨涨秋池。""",0.893799053
"""何当共剪西窗烛，却话巴山夜雨时？""",0.705382928
"""嵩云秦树久离居，双鲤迢迢一纸笔。""",0.84174066
"""休问梁园旧宾客，茂陵秋雨病相如。""",0.619774345
"""为有云屏无限娇，凤城寒尽怕春宵。""",0.879627319
"""无端嫁得金龟婿，辜负香衾事早朝。""",0.536247771
"""乘兴南游不戒严，九重谁省谏书函？""",0.418644896
"""春风举国裁宫锦，半作障泥半作帆。""",0.012989728
"""瑶池阿母绮窗开，黄竹歌声动地哀。""",0.666710514
"""八骏日行三万里，穆王何事不重来？""",0.349281213
"""云母屏风烛影深，长河渐落晓星沈。""",0.886690732
"""嫦娥应悔偷灵药，碧海青天夜夜心。""",0.657942224
"""宣室求贤访逐臣，贾生才调更无伦。""",0.975246744
"""可怜夜半虚前席，不问苍生问鬼神！""",0.009140903
"""冰簟银床梦不成，碧天如水夜云轻。""",0.048767351
"""雁声远过潇湘去，十二楼中月自明。""",0.804113867
"""玄宗回马杨妃死，云雨难忘日月新。""",0.270293529
"""终是圣明天子事，景阳宫井又何人？""",0.005700156
"""碧阑干外绣帘垂，猩色屏风画折枝。""",0.945641319
"""八尺龙须方锦褥，已凉天气未寒时。""",0.022207633
"""江雨霏霏江草齐，六朝如梦鸟空啼。""",0.173434424
"""无情最是台城柳，依旧烟笼十里堤。""",0.330208706
"""誓扫匈奴不顾身，五千貂锦丧胡尘。""",0.160762798
"""可怜无定河边骨，犹是深闺梦里人！""",0.272434799
"""别梦依依到谢家，小廊回合曲阑斜。""",0.140410869
"""多情只有春庭月，犹为离人照落花。""",0.504342562
"""尽寒食雨草萋萋，著麦苗风柳映堤。""",0.030164001
"""等是有家归未得，杜鹃休向耳边啼。""",0.637964594
"""渭城朝雨［氵邑］轻尘，客舍青青柳色新。""",0.864190199
"""劝君更尽一杯酒，西出阳关无故人。""",0.958771928
"""桂魄初生秋露微，轻罗已薄未更衣。""",0.70382759
"""银筝夜久殷勤弄，心怯空房不忍归！""",0.885851705
"""奉帚平明金殿开，且将团扇共徘徊。""",0.468466708
"""玉颜不及寒鸦色，犹带昭阳日影来。""",0.965155325
"""秦时明月汉时关，万里长征人未还。""",0.847594123
"""但使龙城飞将在，不教胡马渡阴山！""",0.542838088
"""黄河远上白云间，一片孤城万仞山。""",0.878092836
"""羌笛何须怨杨柳？春风不度玉门关。""",0.83178104
"""云想衣裳花想容，春风拂槛露华浓。""",0.668937269
"""若非群玉山头见，会向瑶台月下逢。""",0.000590215
"""一枝红艳露凝香，云雨巫山枉断肠。""",0.317380963
"""借问汉宫谁得似？可怜飞燕倚新妆。""",0.461900438
"""名花倾国两相欢，常得君王带笑看。""",0.575682448
"""解释春风无限恨，沈香亭北倚阑干。""",0.891850291
"""劝君莫惜金缕衣，劝君惜取少年时。""",0.257570288
"""花开堪折直须折，莫待无花空折枝！""",0.643700934
"""知識就是力量Knowledge is power.""",0.390685579
"""羅馬不是一天造成的Rome was not built in a day.""",0.720631501
"""把握現在There is no time like the present.""",0.846784077
"""請開冷氣Please turn on the air condition.""",0.153120369
"""你覺得這裡如何How do you like it here""",0.453433315
"""有志者事竟成Where there’s a will, there’s a way.""",0.876759235
"""百聞不如一見Seeing is believing.""",0.675137856
"""快五點了It’s almost five o’clock.""",0.484716108
"""這個地方不錯This is a nice place.""",0.175750913
"""熟能生巧Practice makes perfect.""",0.371026159
"""條條大路通羅馬All roads lead to Rome.""",0.49956142
"""愛人如己Love your neighbor as yourself.""",0.810973361
"""誠實為上策Honesty is the best policy.""",0.050756066
"""中秋節快樂！Happy Moon Festival!""",0.279496682
"""新春快樂Happy Lunar New Year!""",0.568836428
"""情人節快樂！Happy Valentine’s Day!""",0.414273791
"""好的開始是成功的一半Well begun is half done.""",0.356992822
"""早起的鳥兒有蟲吃The early bird catches the worm.""",0.845329276
"""愛是學習給予與接受To love is to learn to offer and accept.""",0.458057698
"""知足常樂Happy is he who is content.""",0.01450529
"""真正的喜樂來自內心Real joy comes from within.""",0.010311468
"""欲速則不達Haste makes waste.""",0.305259296
"""愛情要細水長流Love me little, love me long.""",0.514728041
"""我們正在大拍賣We are having a sale now.""",0.451401725
"""我欽佩你所做的一切I admire all you’ve done.""",0.857356552
"""每一天都是新的開始Every day is a new beginning.""",0.70515183
"""妥善規劃你的每一天Plan your day.""",0.337328685
"""三思而後行Look before you leap.""",0.215643396
"""放輕鬆Let yourself go.""",0.319424644
"""很可能會下雨Chances are it will rain.""",0.42905267
"""我真高興回家了I’m so glad to be home.""",0.559314974
"""壓力如何影響你How does stress affect you""",0.788366596
"""你星期六上班嗎Do you have to work on Saturday""",0.338657738
"""我不是早起的人I’m not a morning person.""",0.866376214
"""謝謝你的鼓勵Thanks for your encouraging words.""",0.001516149
"""事情會順利的Things will work out fine.""",0.079548472
"""為什麼我的心跳這麼快Why is my heart beating so fast""",0.479391693
"""我們何時再見面When can we see each other""",0.171889672
"""不偏離正道Stay on the right track.""",0.256249754
"""音樂能讓我放鬆Music can help me relax.""",0.317863641
"""否極泰來After the storm comes the calm.""",0.658555746
"""你去賞花了嗎Have you seen the beautiful blossoms　""",0.292080418
"""謝謝你的合作Thank you for your cooperation.""",0.950655392
"""什麼事耽擱你了What's holding you up""",0.369387793
"""一切都在掌握中Everything is under control.""",0.778697594
"""該是採取行動的時候了It's time to take action.""",0.433400816
"""情人眼裡出西施Beauty is in the eye of the beholder.""",0.945505428
"""請您美言幾句Please put in a good word for me.""",0.680166611
"""我會想辦法I'll think of something. (or) I'll see what I can do.""",0.418172627
"""我不太清楚I didn't get a very clear picture of it.""",0.09014872
"""你管不了！It's no concern of yours.（較客氣）。You stay out of this.（語氣較重）。None of your business.（語氣最重，罵討厭鬼，別管閒事）。""",0.23173839
"""只許這麼一次（下不為例）This will be the first and last time.""",0.545619788
"""金玉其外All that glitter is not gold.""",0.892140553
"""千載一時Once in a blue moon.""",0.501093033
"""不合羅輯That doesn't make sense.""",0.118096021
"""願聞其詳（請道其詳）Give me the lowdown.（實情、內幕）""",0.6656732
"""囊中物It's in the bag.""",0.923156641
"""我希望你小心從事I hope you know what you are doing.""",0.28099209
"""不說也吧！I'd rather not talk about it.""",0.854051237
"""一言難盡It's a long story.""",0.462265761
"""中庸Golden mean""",0.553075987
"""己立立人，己達達人To live and let live.""",0.402558701
"""月裏嫦娥Girl in the moon""",0.881001271
"""我真不敢相信（我的眼睛、我的耳）I can't believe my eyes ( ears ).""",0.347004938
"""語無倫次Talking through one's hat. ( or ) Talking nuts. ( or ) Talking nonsense.""",0.157236026
"""強弩之末The end of the rope.""",0.308731337
"""人人為自己Everyone for himself.""",0.84187191
"""人人為我，我為人人All for one, one for all.""",0.485133552
"""歲月不饒人歲月不居Time and tide wait for no one.""",0.357881216
"""寧為玉碎，不為瓦全Rather lose honorably than gain basely.""",0.906743017
"""混水摸魚To fish in troubled waters.""",0.563480626
"""不要操之過急Easy does it.""",0.203654033
"""流鱷魚的眼淚貓哭耗子To shed crocodile tears.""",0.934561166
"""桃李不言（好東西不必宣傳）Good wine needs no bush.（掛招牌）""",0.291793981
"""少壯不努力，老大徒傷悲An idle youth; a needy age.""",0.595143045
"""坐食山崩Laziness travels so slowly that poverty overtakes him.""",0.533234177
"""打腫臉充胖子To put a false front. ( or ) To create a false impression.""",0.810540708
"""隨便你（你相不相信隨你）That's your privilege.""",0.105005052
"""你懂我的意思吧（我要開除你??等）You are getting the message.""",0.966270485
"""酒鬼Drunk; Boozer; Lush; Tank""",0.874273907
"""我不會喝酒I'm not much of a drinker.""",0.537208147
"""我戒酒啦I'm on the wagon.""",0.071909054
"""他能喝酒他嗜酒如命He can hold his liquor. He is an alcoholic.""",0.268422349
"""無風不起浪Where there is smoke, there is fire.""",0.659061147
"""青出于藍Jade comes from stone.""",0.037979075
"""錢能通神（有錢能使鬼推磨）= 107Money talks.""",0.507126999
"""你不明白我You don't read me.""",0.23180529
"""漁翁得利Two dogs fight for a bone; the third runs away with it.""",0.215895245
"""以德報怨To recompense injury with kindness.""",0.971912376
"""對牛彈琴Cast pearls before swine.""",0.735683042
"""作繭自縛Make one's bed and lie in it.""",0.083990631
"""不要打岔Don't change the subject.""",0.711554334
"""公平交易square deal""",0.977640646
"""正大光明fair and square""",0.437894889
"""集思廣益Two heads are always better than one.""",0.842257736
"""人多嘴雜Too many cooks spoil the broth.""",0.130890221
"""杞人憂天（半途迎接麻煩）Meet trouble half way.""",0.34765087
"""流水不腐Running water does not get stale. ( or ) A used key is always bright.""",0.274412989
"""目不見睫Your eyes cannot see your lashes. ( or ) The hunchback does not see his own hump.""",0.551176457
"""難兄難弟They deserve each other.""",0.158532773
"""法網難逃You can't get away with murder.""",0.164581721
"""談虎變色A burnt child dreads the fire.""",0.876154199
"""笑裡藏刀There are dangers in men's smiles.""",0.372804216
"""鶴立雞群Head and shoulders above others.""",0.932666634
"""左右逢源his bread is buttered on both sides.""",0.992460327
"""財能通神Money makes the mare to go.""",0.088607941
"""一勞永逸Once and for all.""",0.521500386
"""五十步笑百步A pot calling the kettle black.""",0.478418568
"""不入虎穴，焉得虎子Nothing ventured; nothing gained.""",0.878552252
"""人心不足蛇吞象The eye is bigger than the mouth.""",0.402187861
"""值得做走一步，算一步It pays. Cross the bridge when you come to it.""",0.267164555
"""為什麼我要他好看How comes I'll give it to him.""",0.566293448
"""放明白一點（做人要聰明一點）You'd better wise up.""",0.427231975
"""記著我的話要老實點Mark my words. Be incurable square.""",0.355667272
"""你又來這一套There you go again.""",0.385526933
"""酒醉飯飽square meal""",0.86241828
"""禮多人不怪Politeness offends no one. ( or ) Courtesy costs nothing.""",0.156563931
"""鹿死不擇音（陰）A dying deer doesn't choose a shade. ( or ) Beggars are no choosers.""",0.172395397
"""到目前為止相當好So far so good.""",0.32754418
"""我自己有分寸I know what I'm doing.""",0.671046201
"""有時候；常常；很少Once in a while; Once too often; Once in a blue moon""",0.913460039
"""上帝是基於美的必要，上帝就是愛God, from a beautiful necessity, is love.""",0.049274521
"""能做要人固然是好，做個好人卻更重要It is nice to be important but it is more important to be nice.""",0.454639529
"""Actions speak louder than words行動勝於空談。""",0.461344759
"""Advice when most needed is least heeded忠言逆耳。""",0.400029602
"""After a storm comes a calm否極泰來。""",0.128250896
"""All good things come to and end花無百日紅（天下無不散之筵席）。""",0.204557618
"""All roads lead to Rome條條大道通羅馬。""",0.246221889
"""All that glitters is not gold閃礫者未必都是金（不可僅以貌取人）。""",0.059250793
"""All's well that ends well善終為善。""",0.336582446
"""Art is long, life is short人生苦短，而學術無窮。""",0.211862119
"""As you sow, so shall you reap種瓜得瓜，種豆得豆。""",0.144966697
"""Bad news travels fast惡事傳千里。""",0.632038505
"""A bad penny always comes back 惡有惡報。""",0.203515116
"""A bad shearer never had a good sickle {A bad workman always blames his tools""",0.755849723
"""The bait hides the hook餌裏藏鉤。""",0.378037346
"""Barking dogs seldom bite吠叫的狗不咬人。""",0.835543005
"""Beauty is but skin deep美色只是一層皮。""",0.853786351
"""Beauty is in the eye of the beholder情人眼裏出西施。""",0.595438209
"""Beggars must not be choosers饑者不得擇食。""",0.828754526
"""The best fish swims near the bottom好魚游溪底。""",0.101053012
"""Better be the head of an ass than the tail of a horse {Better be the head of a dog than the tail of a lion""",0.032854673
"""Better late than never寧遲勿缺；只要開始，雖晚不遲。""",0.210862068
"""Between two stools you fall to the ground腳踏雙凳必墜地。""",0.137583457
"""A bird in hand is worth two in the bush一鳥在手勝於兩鳥在林。""",0.084103697
"""Birds of a feather flock together物以類聚。""",0.28737627
"""The biter is sometimes bit欺人反受欺（害人及害己）。""",0.00206912
"""Blood is thicker than water血濃於水。""",0.830540466
"""A burnt child dreads the fire受灼的小孩必怕火。""",0.308648925
"""Care killed a cat憂慮致命（勞神喪命）。""",0.258638345
"""A cat may look at a king君王卿相於我何。""",0.166060337
"""Charity begins at home修身齊家博愛天下。""",0.111958595
"""The child is father of the man少年時代可決定一人之未來。""",0.838630376
"""Comparisons are odious人比人氣死人。""",0.119307206
"""Constant dripping wears away the stone滴水穿石。""",0.320888722
"""A contented mind is a perpetual feast知足常樂。""",0.806792477
"""Death is the great leveler死後萬人皆平等。""",0.726112209
"""The devil finds work for idle hands to do小人閑居做歹事。""",0.262264973
"""Diamond cut diamond兩虎相爭必有一傷。""",0.178063872
"""Do as you would be done by己所欲施於人。""",0.475191774
"""Do in Rome as the Romans do入境隨俗。""",0.123255287
"""Don't change horses in mid-stream臨陣勿換將。""",0.831258053
"""Don't count your chickens before they are hatched勿打如意算盤。""",0.119556127
"""Do not kick against the pricks勿以螳臂當車。""",0.291914658
"""Don't put the cart before the horse勿本未倒置。""",0.373144776
"""Don't quarrel with your bread and butter勿自砸飯碗。""",0.056912322
"""Don't wash your dirty linen in public家醜不可外揚。""",0.869133685
"""Dog does not cat dog狗不咬狗（同類不相殘）。""",0.191836275
"""Easier said than done說來容易做來難。""",0.15064405
"""Easy come easy go徼倖之財難久留（賺得容易花得快）。""",0.25810927
"""Empty vessels make the most sound空桶響叮噹。""",0.594404294
"""Even Homer sometimes nods智者千慮必有一失。""",0.85896347
"""Everybody's business is nobody’s business眾人之事乏人管。""",0.213168237
"""Every dog has his day三年風水輪流轉(狗也有走運的一天)。""",0.222259101
""" Every man has his taste 人各有所好。""",0.774296391
"""Extremes meet 物極必反。""",0.470753092
""" Familiarity breed contempt過份熟稔易滋侮蔑;近廟欺神。""",0.073409451
"""A fault confessed is half redressed 肯認錯是改過的一半。""",0.11096359
"""First come first served捷足先登。""",0.116819682
"""The fish will soon be caught that nibbles at every bait 貪吃的魚兒易上鉤。""",0.146882597
"""Forewarned is forearmed 先知先戒備。""",0.958293109
"""A friend in need is a friend indeed救難之友乃為友。""",0.232272656
"""Give knaves an inch and they will take a yard小人得寸便進尺。""",0.312878396
"""God's mill grinds slow but sure 天網恢恢，疏而不漏。""",0.181390036
"""Grasp all, lose all 貪者必失。""",0.988792244
"""Handsome is as handsome does慷慨大方始為美。""",0.5951766
"""He that touches pitch shall be defiled近墨勢黑。""",0.465946892
"""Heaven helps those who help themselves天助自助者。""",0.999252429
"""Health is better than wealth健康勝於財富。""",0.028438995
"""Hide not your light under a bushel勿過份謙沖以致隱沒才能。""",0.880017304
"""History repeats itself歷史會重演。""",0.65913868
"""Hoist your sail when the wind is fair見機行事。""",0.637195779
"""Honesty is the best policy誠實為上策。""",0.383821668
"""Idle folk have the least leisure懶惰人才說沒空閑。""",0.835477194
"""If you run after two hares, you will catch neither同時追兩免，兩頭都落空。""",0.352208255
"""In wine there is truth酒後吐真言。""",0.226101998
"""It is easy to be wise after the event經一事長一智。""",0.715979038
"""It is never too late to mend亡羊補牢猶末晚也。""",0.833722993
"""It is no use crying over spilt milk 覆水難收。""",0.383402493
"""A Jack of all trades is master of none 樣樣通樣樣稀鬆。""",0.982786061
"""Knowledge is power知識就是力量。""",0.696456513
"""The last straw breaks the camel's neck凡事宜節制，過則必敗事。""",0.608946162
"""Least said, soonest mended少說少錯(多言惹禍)。""",0.389948559
"""The leopard cannot change his spots江山易改，本性難移。""",0.031997517
"""Let sleeping dogs lie別自找麻煩。""",0.639696421
"""Like father, like son有其父必有其子。""",0.848729732
"""A little learning is a dangerous thing一知半解最危險。""",0.428172943
"""A little pot is soon hot小人物易發怒。""",0.6152049
"""Live and learn 活到學到老。""",0.984835817
"""Look before you leap三思而後行。""",0.683455646
"""Lookers-on see most of the game旁觀者清。""",0.664568415
"""Love is blind 愛情是盲目的。""",0.332842211
"""Love me little love me long""",0.841660557
"""Make hay while the sun shines 末雨綢繆。""",0.57530743
"""Man proposes God disposes""",0.217963765
"""Many a little makes a mickle =Every little makes a mickle""",0.805261947
"""Marry in haste, and repent at leisure 匆匆結婚，慢慢後悔。""",0.463198752
"""Men are not to be measured in inches人不可以貌相。""",0.281107208
"""Might is right強權即是公理。""",0.681288832
"""Money makes the mare go 強權能使鬼推磨。""",0.13060978
"""Much would have more 貪得無饜。""",0.429817505
"""Murder will out 如欲人不知，除非已莫為。""",0.079523417
"""Necessity is the mother of invention需要為發明之母。""",0.372157244
"""Never do things by halves做事切莫半途而廢。""",0.614377988
"""Never look a gift horse in the mouth餽贈之物切莫挑剔。""",0.954404726
"""No man can serve two masters一人不能事二君。""",0.671028449
"""No man is content with his lot無人能滿意於自己的命運。""",0.415629373
"""No news is good news無消息即是好消息。""",0.506653491
"""No pains, no gains不勞則無獲。""",0.143243361
"""None so blind as those who won’t see有眼不看者為盲。""",0.862850911
"""Nothing comes of nothing事出必有因（無中不能生有）。""",0.781242961
"""Nothing venture, nothing have不入虎穴，焉得虎子。""",0.080888729
"""Once bitten, twice shy一朝被蛇咬，十年怕草繩。""",0.440502897
"""One swallow does not make a summer勿以一概全。""",0.058377689
"""Out of debt, out of danger無債一身輕。""",0.069044901
"""Out of sight, out of mind久離則疏遠。""",0.651653319
"""The pot called the kettle black五十步笑百步。""",0.68339755
"""Practice makes perfect熟能生巧。""",0.253609993
"""Prevention is better than cure預防勝於治療。""",0.950176612
"""The proof of pudding is in the eating欲知布丁味，親嚐便可曉。""",0.418515787
"""Put the saddle on the right horse責備得當（冤有頭、債有主）。""",0.907559647
"""The road to hell is paved with good intentions手抱菩薩操屠刀。""",0.063826274
"""Rome was not built in a day羅馬不是一天造成的。""",0.659372466
"""退一步想最穩當。""",0.612229591
"""Seeing is believing百聞不如一見（眼見為真）。""",0.814143172
"""Share and share alike有苦同當，有福共享。""",0.164916228
"""Slow and steady wins the race穩健紮實必致勝。""",0.156204944
"""A soft answer turned away wrath和言足以息怒（柔足以克剛）。""",0.758714884
"""Some people cannot see the wood for the trees見木不見林，逐末而忘本。""",0.177275632
"""A sound mind in a sound body健全的頭腦寓於健全的身體。""",0.321803534
"""Spare the rod and spoil the child孩子不打不成器（玉不琢不成器）。""",0.82232962
"""Stil water runs deep水深流靜。""",0.45325035
"""A stitch in time saves nine及時縫一針，省得日後縫九針（防微杜漸）。""",0.127325963
"""Strike while the iron is hot打鐵趁熱。""",0.432040207
"""Take the rough with the smooth逆來則順受。""",0.52990353
"""Talk of the devil and he is sure to appear說曹操曹操就到。""",0.191471956
"""There are two sides to every question公說公有理，婆說婆有理。""",0.485554575
"""There's a black sheep in every flock每一個團體中都難免有害群之馬。""",0.163876158
"""There is no rose without a thorn朵朵玻瑰皆有刺。""",0.728734162
"""There is on smoke without fire有煙必有火（無風不起浪）。""",0.556129713
"""Those who live in glass houses should not throw stones投鼠忌器。""",0.196639424
"""The tongue is not steel, yet it cuts舌頭雖非鐵卻可傷人。""",0.275623908
"""Too many cooks spoil the broth七手八腳必敗事。""",0.785433283
"""Turn a stumbling block into a stepping stone化絆腳石為墊腳路。""",0.609295476
"""Two heads are better than one三個臭皮匠，勝過諸葛亮（集思廣益）。""",0.97110295
"""Two of a trade can never than one 同行相嫉。""",0.53185333
"""Virtue is its own reward為善自得其樂。""",0.948221004
"""Walls have ears壁上有耳。""",0.822280443
"""Well begun is half done好的開始是成功的一半。""",0.089997662
"""What can't be cured must be endured無能為力之事只得忍耐。""",0.591131049
"""Whatever a man sow, that shall he also reap種瓜得瓜，種豆得豆。""",0.923982443
"""Where there is a will there is a way有志者事竟成。""",0.454688295
"""Words cut more than swords舌劍利於刀劍。""",0.72584435
"""You cannot burn the candle at both ends蠟燭不能兩頭燒（勿過份消耗體力）。""",0.894442403
"""You cannot get blood out of a stone石頭擠不出血來（鐵石心腸那有淚）。""",0.128252814
"""You cannot sell the cow and drink the milk魚與能掌不可兼得。""",0.912207114
"""You cannot teach an old dog new tricks老狗學不來新花樣（人老則守舊）。""",0.486863249
"""Zeal without knowledge is a runaway horse缺乏知識之熱心，猶如脫韁之馬。""",0.487782274
"""When you judge others you condemn yourself批評別人，就是責備自己。""",0.572372736
"""There is more pleasure in loving than in being loved愛別人比被別人愛的樂趣多。""",0.647962421
"""Cunning is no burden藝多不壓人。""",0.31761381
"""He stands not surely that never slips從不滑倒的人是站不穩的人。""",0.342766115
"""He that loses his honesty has nothing else to lose丟了誠實，就是丟了一切。""",0.890216214
"""He that may not do as he would, must do as he may不能做想做的事，就該做可做的事。""",0.533975773
"""Heaven is at the feet of mothers慈母的膝下就是天堂。""",0.31722416
"""There is no grief which time does not lessen and soften ( ~~~Cicero ) 沒有時間不能減輕與緩和的哀傷。""",0.537197789
"""Facts do not cease to exist just because they are ignored ( ~~~Aldous Huxley )事實並不僅僅因為受到忽略而停止存在。""",0.214002212
"""The greater the power, the more dangerous the abuse ( ~~~Edmund Burke )權力愈大，愈有濫用的危險。""",0.196934536
"""Art is a lie that enables us to realize the truth ( ~~~Pablo Picasso )藝術是一種使我們能夠實現真實的謊言。""",0.367327209
"""Love is forgiving even if you can't forget愛就是不能忘懷，也要原諒。""",0.634456661
"""Love is sharing a hard day's leisure hour before dinner愛就是在晚餐前，共享辛勞一天後的片刻閒暇。""",0.684679681
